,categories,id,text,title,url,parent_category,parent_category_recursion_depth
43440,['கட்டிடக்கலை'],12,"கட்டிடக்கலை

கட்டிடக்கலை என்பது கட்டிடங்கள் மற்றும் அதன் உடல் கட்டமைப்புகளை வடிவமைத்தல், செயல்முறைத் திட்டமிடல், மற்றும் கட்டிடங்கள் கட்டுவதை உள்ளடக்கியதாகும். கட்டடக்கலை படைப்புகள், கட்டிடங்கள் பொருள் வடிவம், பெரும்பாலும் கலாச்சார சின்னங்களாக மற்றும் கலை படைப்புகளாக காணப்படுகின்றது. வரலாற்று நாகரிகங்கள் பெரும்பாலும் அவர்களின் கட்டிடகலை சாதனைகளின் மூலம் அடையாளம் காணப்படுகின்றன.

ஒரு விரிவான வரைவிலக்கணம், பெருமட்டத்தில், நகரத் திட்டமிடல், நகர்ப்புற வடிவமைப்பு மற்றும் நிலத்தோற்றம் முதலியவற்றையும், நுண்மட்டத்தில், தளபாடங்கள், உற்பத்திப்பொருள் முதலியவற்றை உள்ளடக்கிய, முழு உருவாக்கச் சூழலின் வடிவமைப்பைக் கட்டிடக்கலைக்குள் அடக்கும். 
மேற்படி விடயத்தில், தற்போது கிடைக்கும் மிகப் பழைய ஆக்கம், கி.பி. முதலாம் நூற்றாண்டைச் சேர்ந்த உரோமானியக் கட்டடக் கலைஞரான விட்ருவியஸ் என்பாரது ""கட்டிடக்கலை தொடர்பில்"", என்ற நூலாகும். இவரது கூற்றுப்படி, நல்ல கட்டிடம், அழகு, உறுதி, பயன்பாடு ஆகியவற்றைக் கொண்டிருக்கவேண்டும். மேற்படி மூன்றும், ஒன்றின்மீதொன்று அளவுமீறி ஆதிக்கம் செலுத்தாமல், தங்களிடையே சமனிலையையும், ஒருங்கினைப்பையும் கொண்டிருத்தலே கட்டிடக்கலை என்று சொல்லலாம். ஒரு மேலான வரைவிலக்கணம், கட்டிடக்கலையைச், செயற்பாட்டு, அழகியல், உளவியல் என்பன தொடர்பான விடயங்களைக் கையாளல் என்ற விதத்தில் நோக்குகிறது. எனினும், இன்னொரு விதத்தில் பார்த்தால், செயற்பாடு என்பது, அழகியல், உளவியல் உட்பட்ட எல்லா அளபுருக்களையும் தன்னுள் அடக்குவதாகக் கொள்ளலாம். 
கட்டிடக்கலை, கணிதம், அறிவியல், கலை, தொழில்நுட்பம், சமூக அறிவியல், அரசியல், வரலாறு, தத்துவம், பொன்றவற்றுடன் தொடர்புள்ள, ஒரு பல்துறைக் களமாகும். விட்ருவியசின் சொற்களில், ""கட்டிடக்கலையென்பது, வேறுபல அறிவியல் துறைகளிலிருந்து எழுவதும், பெருமளவு, பல்வேறுபட்ட அறிவுத்துறைகளினால் அலங்கரிக்கப்பட்டதுமான ஒரு அறிவியலாகும்: இதன் உதவியைக் கொண்டே பல்வேறு கலைத் துறைகளினதும் விளைவுகள் மதிப்பீடு செய்யப்படுகின்றன"". மேலும் ஒரு கட்டிடக் கலைஞன், இசை, வானியல் முதலிய துறைகளிலும் நல்ல பரிச்சயமுடையவனாயிருக்க வேண்டும் என்பது விட்ருவியசின் கருத்து. தத்துவம் குறிப்பாக விருப்பத்துக்குரியது. உண்மையில், அணுகுமுறை பற்றிக் கருதும்போது, ஒவ்வொரு கட்டிடக் கலைஞனதும் தத்துவம் பற்றிக் குறிப்பிடுகிறோம். பகுத்தறிவியம், பட்டறிவியம், கட்டமைப்பியம், பின்கட்டமைப்பியம் மற்றும் தோற்றப்பாட்டியல் என்பன போன்ற போக்குகள், கட்டிடக்கலையில், தத்துவத்தின் செல்வாக்கைக் காட்டும் சில எடுதுதுக்காட்டுகளாகும்.

லியொன் பட்டிஸ்டா ஆல்பர்ட்டி என்பவர் தான் எழுதிய நூலொன்றில் விட்ருவியசின் கருத்துக்களை விரிவாக்கினார். அலங்காரங்களும் அழகுக்குப் பங்களிப்புச் செய்த போதிலும், அழகு என்பது, அளவுவிகிதம் (proportion) தொடர்பிலானது என்று இவர் எழுதினார். ஆல்பர்ட்டியின் கருத்துப்படி ஒரு முறையான உடலமைப்புக் கொண்ட மனிதனின் உடலின் அளவுவிகிதங்களைக் கட்டுப்படுத்தும் விதிகளே சிறப்பான அளவுவிகிதங்களுக்கான விதிகளாகும். அழகைப் பொருளின் தன்மைக்குப் புறம்பாக வெளியிலிருந்து கொண்டுவந்து ஒட்டவைக்க முடியாது, பொருள்களோடு அவற்றின் அழகு இயல்பாக அமைந்திருக்கிறது என்னும் கருத்தே இங்கு முக்கியமான அம்சம். கட்டிடக்கலையிலும், பிற அழகியல் கலைகளிலும் பாணி என்னும் ஒரு அம்சம் இடைக்காலத்தில் முக்கிய பங்கு வகித்தது. ஆனால், பாணி என்னும் கருத்துரு 16 ஆம் நூற்றாண்டில் வாசரி என்பவர் எழுதிய நூல்களினூடாகவே அறிமுகமானது. இந் நூல்கள் 18 ஆம் நூற்றாண்டில் இத்தாலிய மொழி, பிரெஞ்சு மொழி, ஸ்பானிய மொழி, ஆங்கிலம் ஆகியவற்றில் மொழிபெயர்ப்புச் செய்யப்பட்டது.

19 ஆம் நூற்றாண்டில் ஆங்கிலக் கலைத் திறனாய்வாளரான ஜான் ரஸ்கின் என்பவர் 1849 வெளியிட்ட ""கட்டிடக்கலையின் ஏழு விளக்குகள்"" என்னும் நூலில், ""கட்டிடக்கலை என்பது அதனைக் காண்போருக்கு உள நலத்தையும், ஆற்றலையும், இன்பத்தையும் தரக்கூடிய வகையில், அமைத்து, அலங்கரித்து உருவாக்கப்பட்ட கட்டிடங்களாகும்"" என்றார். ரஸ்கினுக்கு, கட்டிடக்கலையைப் பொறுத்தவரை அழகியலே யாவற்றிலும் முக்கியமான அம்சமாக இருந்தது. மேலும், ஏதோ ஒரு வகையில் அலங்கரிக்கப்படாத கட்டிடங்கள் கட்டிடக்கலை ஆகாமாட்டா என்ற கருத்தையும் அவர் கொண்டிருந்தார்.

ஒரு கட்டிடக்கலை சார்ந்த கட்டிடத்துக்கும், சாதாரண கட்டிடத்துக்கும் உள்ள வேறுபாடு பலரதும் கவனத்தை ஈர்க்கின்ற விடயமாக இருந்துவருகின்றது. இது குறித்து எழுதிய பிரபலமான பிரெஞ்சுக் கட்டிடக்கலைஞரான லெ கொபூசியே, ""நீங்கள், கற்கள், மரம், காங்கிறீட்டு என்பவற்றைக் கொண்டு ஒரு வீட்டையோ மாளிகையையோ அமைக்கலாம். அது கட்டுமானம். ஆனால் ஆக்கத்திறன் சிறப்பாக அமையும்போது, அது எனது நெஞ்சைத் தொடுகிறது. நீங்கள் எனக்கு நல்லது செய்திருக்கிறீர்கள். மிகவும் அழகாக இருக்கிறது என்கிறேன் நான். அதுவே கட்டிடக்கலை."" எனக் குறிப்பிடுகிறார். 20 ஆம் நூற்றாண்டின் ஐரோப்பிய வரலாற்றாசிரியரான ""நிக்கொலஸ் பெவ்ஸ்னர்"" என்பாருடைய கூற்றுப்படி, ஒரு துவிச்சக்கரவண்டிக் கொட்டகை ஒரு சாதாரண கட்டிடமும், லிங்கன் பேராலயம் ஒரு கட்டிடக்கலை சார்ந்த கட்டிடமுமாகும். தற்காலச் சிந்தனைப் போக்குகளுக்கு அமைய இத்தகைய பிரிவு அவ்வளவு தெளிவானதாக இல்லை. ""பெர்னாட் ருடோவ்ஸ்கி"" என்பாரது ""கட்டிடக்கலைஞன் இல்லாத கட்டிடக்கலை"" (Architecture without architects) என்னும் பிரபலமான நூல், சாதாரண மக்களால் கட்டப்பட்ட பல்வேறு தரத்திலான கட்டிடங்களையும், கட்டிடக்கலையின் ஆளுகைக்குள் கொண்டுவந்தது. வரலாற்றில் பின்னோக்கிச் செல்லும்போது, கட்டிடக்கலைசார் கட்டிடங்கள் எவை, அவ்வாறில்லதவை எவை என்பதிலே கருத்தொற்றுமை காணப்பட்டது. விருவியசைப் போல், நல்ல கட்டிடங்களே கட்டிடக்கலைசார்ந்த கட்டிடங்கள் என வரைவிலக்கணப்படுத்தினால், கூடாத கட்டிடக்கலைசார்ந்த கட்டிடங்கள் இல்லையா என்ற கேள்வி எழும். இப் பிரச்சினையிலிருந்து விடுபடுவதற்கு, கட்டிடக்கலைசார் கட்டிடங்கள் என்பதற்கு, கட்டிடக்கலைஞரால் வடிவமைக்கப்பட்ட கட்டிடங்கள் என்றும் வரைவிலக்கணம் கூறலாம் எனச் சிலர் கூறுகிறார்கள். இது கட்டிடக்கலைஞர் என்பதன் வரைவிலக்கணம் பற்றிய இன்னொரு சர்ச்சையை உருவாக்குவதைத் தவிர்க்க முடியாது.

19 ஆம் நூற்றாண்டின் புகழ் பெற்ற கட்டிடக்கலைஞர் லூயிஸ் சலிவன் கட்டிடக்கலை வடிவமைப்பில் புதிய நோக்கு ஒன்றை வளர்ப்பதற்கு முயற்சித்தார். செயற்பாட்டுத் தன்மைக்கு முக்கியத்துவம் கொடுக்கும் இந்த நோக்குக்கு அமைய ""செயற்பாட்டுத் தேவைகளிலிருந்தே வடிவம் உருவாகின்றது"" (Form follows function) என்னும் கருத்து முன்வைக்கப்பட்டது. செயற்பாட்டு நோக்கின் அடைப்படையிலேயே அமைப்பும் அழகியலும் நோக்கப்படவேண்டும் என்னும் இக் கருத்து பரவலான ஆதரவையும் எதிர்ப்பையும் பெற்றது. செயற்பாடு என்னும் இப் புதிய கருத்துரு கட்டிடங்களின் உளவியல், அழகியல், பண்பாட்டுப் பயன்கள் உட்பட எல்லா வகையான பயன்களும் குறித்த எல்லா அளபுருக்களையும் தன்னுள் அடக்கியிருந்தது.

பல கட்டிடக்கலைஞர்கள் கோட்பாட்டை ஒதுக்கித் தள்ளினாலும், செயல்முறையை (practice) வளம்படுத்துவதில் அதன் முக்கியத்துவத்தைக் குறைத்து மதிப்பிட முடியாது. விட்ருவியஸ் தொடர்ந்து சொன்னபடி, ""செய்முறையும், கோட்பாடும் கட்டிடக்கலையின் பெற்றோருக்குச் சமம். செயல்முறை என்பது, கொடுக்கப்பட்ட வேலைகளை நடைமுறைப்படுத்தும் முறைகளைக் கைக்கொள்ளும்போது, அடிக்கடி நிகழும், தொடர்ச்சியான, சமநிலைப்படுத்தும் செயலை, அல்லது வெறுமனே உடற் செயல்பாட்டின்மூலம், ஒரு பொருளைச் சிறந்த பயன்படத்தக்க ஒன்றாக மாற்றுவதைக் குறிக்கும். கோட்பாடு என்பது, ஒரு பொருள், பிரேரிக்கப்பட்ட முடிவை அடையும்வகையில், மாற்றப்பட்டுள்ளது என்பதை எடுத்துக்காட்டுவதும், விளக்குவதுமான காரணத் தொடர்பாக்கத்தின் விளைவாகும். வெறுமனே செய்முறையிலூறிய கட்டிடக்கலைஞன், தான் எடுத்துக்கொண்ட வடிவுருக்களுக்கான (forms) காரணங்களை எடுத்துக்காட்ட முடிவதில்லை; கோட்பாட்டுக் கட்டிடக்கலைஞனும், பொருளை விட்டு நிழலைப் பிடிப்பதன் மூலம் தோல்வியடைகிறான். எவனொருவன் கோட்பாடு செயல்முறை இரண்டிலும் வல்லவனாக இருக்கிறானோ அவன் இரட்டைப் பலமுள்ளவன்; தன்னுடைய வடிவமைப்பின் தகுதியை நிரூபிக்கக்கூடியவனாக இருக்கின்றது மட்டுமன்றி, அதைத் திறமையாகச் செயற்படுத்தக்கூடியவனயும் இருப்பான்.""

கட்டிடக்கலையென்பது, ஆரம்பத்தில், தேவைகளுக்கும், (உகந்த சூழல், பாதுகாப்பு என்பன) Means (கிடைக்கக் கூடிய கட்டிடப்பொருள்கள், தொழில் நுட்பம் முதலியன) என்பவற்றுக்கிடையிலான இயக்கப்பாடுகளிலிருந்து பரிணமித்ததாகும். தொல்பழங்கால, பழங்காலக் கட்டிடங்கள் இவ்வகையைச் சேர்ந்தனவாகும். மனித முன்னேற்றத்துடன், அறிவுத்துறைகளும், வாய்மொழி மரபுகளினாலும், செயல்முறைகளினாலும், ஒழுங்கமையத் தொடங்கியபோது, கட்டிடம் கட்டுதல் ஒரு கலையாக உருவானது. இங்கே முதலில் முயன்று தெரிதல் (Trial and Error) முறையின் பயன்பாடு, பின்னர் அவற்றில் தேவைக்கேற்ற மாற்றங்கள் அல்லது வெற்றிகரமான முயற்சிகளைப் பிரதிபண்ணல் எனப் பரிணாம வளர்ச்சி நடைபெற்றது. கட்டிடக்கலைஞர் மட்டுமே இங்கு முக்கியமானவர் அல்ல. இவர்கள் பங்கு சதவீத அடிப்படையில் மிகக் குறைவே; விசேடமாக வளரும் நாடுகளில் இது 5% அளவுக்கும் குறைவே என்றும் கூறப்படுகின்றது. அவர் தொடர்ந்துவரும் கட்டிடக்கலை மரபுகளில் ஒரு பகுதியேயாவர். ""நாட்டார் மரபு"" ""(Vernacular Tradition)"" என்று அழைக்கப்படும் மரபுசார் கட்டிடமுறை இதற்கு ஒரு எடுத்துக் காட்டாகும். உலகின் எல்லாப் பகுதிகளிலும், பெரும்பாலான கட்டிடங்கள் இம்முறையிலேயே கட்டிடக்கலைஞர் அல்லாதவர்களால் உருவாக்கப்படுகின்றன. 
முற்கால மனிதர் குடியிருப்புகள் கிராமம் சார்ந்தவையாகும். உற்பத்திப் பெருக்கம் ஏற்பட்டபோது கிராமச் சமுதாயங்கள் நகர்சார் சமுதாயங்களாக வளர்ச்சி பெறத்தொடங்கின. கட்டிடங்கள் அதிக சிக்கலானவையாக ஆனதுடன், அவற்றின் வகைகளும் அதிகரித்தன. வீதிகள், பாலங்கள் போன்ற குடிசார் கட்டுமானங்களும், பாடசாலைகள், மருத்துவமனைகள், பொழுதுபோக்கு வசதிகளுக்கான கட்டிடங்கள் எனப் புதிய கட்டிடவகைகளும் பெருகத்தொடங்கின. எனினும் சமயம் சார்ந்த கட்டிடக்கலை அதன் முதன்மையிடத்தைத் தக்கவைத்துக்கொண்டிருந்தது. பல்வேறு கட்டிடப்பாணிகளும், வளர்ச்சியடையத் தொடங்கியதுடன், கட்டிடக்கலை பற்றிய எழுத்தாக்கங்களும் உருவாகின. இவற்றிற் சில, கட்டிடங்கள் வடிவமைத்தல், கட்டுதல் தொடர்பில் பின்பற்றவேண்டிய விதிகளாக உருப்பெற்றன. இந்தியாவின் வாஸ்து சாஸ்திரம், சீனாவிலெழுந்த பெங் சுயி போன்ற கீழைத் தேச நூல்களும், மேலை நாட்டிலெழுந்த விட்ருவியசின் நூலும் இதற்கு உதாரணங்களாகும். ""கிளாசிக்கல்"" மற்றும் மத்திய காலங்களில், ஐரோப்பாவில், கட்டிடக்கலைத் துறையில் தனிப்பட்ட கட்டிடக்கலைஞர்கள் முதன்மைப்படுத்தப்படவில்லை.

கட்டிடக்கலையின் வரலாற்றில் பாரிய கட்டுமானங்களைக் கட்டிய மிகப் பழைய நாகரிகங்களுள் ஆப்பிரிக்காவின் நைல் ஆற்றங்கரையில் உருவாகிச் செழித்த எகிப்திய நாகரிகம் முதன்மையானது. இம் மக்கள் மிகப் பெரிய பிரமிட்டுகளையும், கோயில்களையும் உருவாக்கினர். பல வரலாற்றாளர்களும் உலகக் கட்டிடக்கலை வரலாற்றின் தொடக்கத்தை இங்கிருந்துதான் தொடங்குகிறார்கள். ஐரோப்பாவின் தொடக்ககால நாகரிகங்களான கிரேக்க, ரோமர்காலக் கட்டிடக்கலைகளுக்கான பல அடிப்படைகளை எகிப்தியக் கட்டிடக்கலையில் அடையாளம் காண முடியும்.

தற்கால ஈராக்கிலுள்ள யூபிரட்டீஸ், டைகிரிஸ் ஆகிய ஆறுகளுக்கு இடையேயுள்ள பகுதியில் செழித்து வளர்ந்த மெசொப்பொத்தேமிய நாகரிகம், உலகக் கட்டிடக்கலை வளர்ச்சிக்குப் பெரும் பங்களிப்புக்களைச் செய்த இன்னொரு தொன்மையான ஆசிய நாகரிகம் ஆகும். மெசொப்பொத்தேமிய ஆற்றுப்படுக்கையிலும், மேற்கு ஈரானியப் பீடபூமியிலும் கட்டப்பட்ட சிகுரட் எனப்படும் கூம்பக வடிவ கோயில் கோபுரங்கள் இதற்குச் சான்று பகர்கின்றன. இவை பல படிகளாகக் கட்டப்பட்டுள்ளன. இவ்வாறான 32 சிகுரட்கள் அறியப்பட்டுள்ளன. இவற்றுள் 28 ஈராக்கிலும், 4 ஈரானிலும் உள்ளன.

பண்டைக் கிரேக்க நாகரிகம் கிமு 1900 தொடக்கம் கிமு 133 வரையான காலப்பகுதியில் செழித்திருந்தது. ஆனால் இதன் தாக்கம் இன்றுவரை மேற்கு நாட்டுப் பண்பாட்டில் உணரப்பட்டு வருகிறது. கிரேக்கர்கள் உலகக் கட்டிடக்கலைக்குப் பல குறிப்பிடத்தக்க பங்களிப்புக்களைச் செய்துள்ளனர். இக்காலத்தில் கட்டப்பட்ட கட்டிடங்களுள் முதன்மையானவை கோயில்கள் ஆகும். கிரேக்கக் கோயில்கள் எகிப்தியக் கோயில்களைவிடச் சிறியவை. இவை, ஆள்பவர்களின் அதிகாரத்தைக் காட்டுவதற்காகவோ, பெருமளவிலான மக்கள் குழுமி வழிபடுவதற்காகவோ கட்டப்படவில்லை. இவை முக்கியமாகப் புற அழகுக்காகவும், சூழலில் ஏற்படுத்தக்கூடிய தாக்கங்களுக்குமாகவே வடிவமைக்கப்பட்டன.

கிரேக்கக் கட்டிடக்கலையில் ஒழுங்குகள் எனப்படும் மூன்று விதமான பாணிகள் பயன்படுத்தப்பட்டன. இவை டொரிக், அயனிக், கொறிந்தியன் என அழைக்கப்பட்டன. ஒழுங்குகள் என்பன தூண்களின் அமைப்பு, அவற்றின் அளவுவிகிதங்கள், அலங்காரங்கள், அவற்றால் தாங்கப்படும் வளைகளின் அமைப்பு அலங்காரம் முதலியவை தொடர்பானது.

ரோமர் காலம் கிமு முதலாம் நூற்றாண்டில் இருந்து தொடங்குகிறது. ரோமர்களின் கட்டிடக்கலை ஓரளவுக்குக் கிரேக்கக் கட்டிடக்கலையின் தொடர்ச்சியே எனினும் ரோமர் காலத்தில் கட்டிடக்கலையில் பெருமளவு வளர்ச்சிகள் ஏற்பட்டன. ரோமர் புத்தாக்கத் திறனும், கட்டிடப்பொருள்கள் பற்றிய நல்ல அறிவும் கொண்டிருந்தனர். இயற்கையாகக் கிடைத்த கற்கள் முதலியவற்றை வெட்டிக் கட்டிடக் கற்களை உருவாக்கும் முறைக்குப் பதிலாகச் சுண்ணாம்பு, மணல், சிறு கற்கள் போன்றவற்றை நீருடன் கலந்து ஒருவகைக் காங்கிறீட்டுச் செய்யும் முறையை அறிமுகப்படுத்தியவர்கள் ரோமர்களே.

கட்டிடக்கலை ஒழுங்குகளைப் பொறுத்தவரை ரோமர் மேலும் இரண்டு ஒழுங்குகளைப் பயன்படுத்தினர். இவை கூட்டு ஒழுங்கு, டஸ்கன் ஒழுங்கு என்பவையாகும்.

""ரெனசான்ஸ்"" என்று அழைக்கப்பட்ட, மறுமலர்ச்சிக் காலகட்டத் தொடக்கத்துடன், சமயத்தைவிட மனிதசமுதாயமும், தனிப்பட்டவர்களும், முதன்மை பெறத் தொடங்கியமையும், அக்காலத்திலேற்பட்ட முன்னேற்றமும், அதன் பெறுபேறுகளும், கட்டிடக்கலைத்துறையில் புதிய அத்தியாயமொன்றுக்கு அடிகோலின. கட்டிடக்கலை தொடர்பில், தனிப்பட்ட கட்டிடக்கலைஞர்கள் பெருமைப்படுத்தப்பட்டனர். மைக்கலாஞ்சலோ, லியொனார்டோ டா வின்சி, புரூணலெஸ்ச்சி போன்றவர்களை உதாரணமாகக் காட்டலாம். அக்காலத்தில், சிற்பி, கட்டிடக் கலைஞன், பொறியியலாளன் எனத் தொழிற்பிரிவுகள் இருக்கவில்லை. ஒரு சிற்பியே (சிற்பம் செய்பவன்) பாலமொன்றை வடிவமைத்துக் கட்டக்கூடிய நிலை இருந்தது. அதற்குத் தேவையான கணித அறிவும்கூடப் பொதுமை அறிவின் பாற்பட்டதாகவேயிருந்தது. இந்தியாவிலும், சிற்பக் கலைஞர்களே கட்டிடங்களையும் வடிவமைத்துக் கட்டினார்கள். கட்டிடக்கலை, பொறியியல் அனைத்தும் இச் சிற்பக் கலைக்கு உள்ளேயே அடங்கியிருந்தன. 
கட்டிடம் சார்ந்த தேவைகளின் அதிகரிப்பு, அவை தொடர்பான பெருமளவு அறிவு வளர்ச்சி என்பவற்றோடு, புதிய கட்டிடப்பொருட்களின் அறிமுகம், தொழில்நுட்பங்களின் வளர்ச்சி என்பனவும் சேர்ந்து கட்டிடத்துறையினுள் பல்வேறு தொழிற்பிரிவுகள் உருவாக வழி சமைத்தன. கூடிய தொழில் நுட்ப அம்சங்களை எடுத்துக்கொண்டு பல்வேறு பொறியியற் துறைகள் பிரிந்துபோகக் கட்டிடக்கலை அழகியல் அம்சங்களையும், இடவெளி(space)வடிவமைப்புத் தொடர்பான பொறுப்புக்களையும் உள்ளடக்கி, வளர்ச்சியடைந்தது. ""சீமான் கட்டிடக்கலைஞர்"" என்று அழைக்கப்பட்ட ஒரு பிரிவினர் உருவாகினர். பொதுவாகப் பெரும் பணக்காரர்களை வாடிக்கையாளராகக் கொண்டிருந்த இவர்கள், தோற்றம் சார்ந்த அம்சங்களிலேயே கூடிய கவனம் செலுத்தினர். அதுவும் பெரும்பாலும், வரலாற்றுக் கட்டிட மாதிரிகளையே பின்பற்றிவந்தனர். 19 ஆம் நூற்றாண்டில் பிரான்சிலிருந்த இக்கோல் டெஸ் பியூக்ஸ் ஆர்ட்ஸ் (Ecole des Beaux Arts) என்னும் நிறுவனம், சூழ்நிலை சார்ந்த அம்சங்களுக்கு முக்கியத்துவம் கொடாது, அழகிய வரைபடங்களை உள்ளடக்கிய விரைவான திட்டங்களை உருவாக்குவதற்கே பயிற்சி கொடுத்துவந்தது.

இதற்கிடையில், தொழிற்புரட்சி தொகையான நுகர்வுக்கான பாதையைத் திறந்துவிட்டதுடன், ஒருகாலத்தில் விலையுயர்ந்த கைவினைத்திறனோடு சம்பந்தப்பட்டிருந்த அலங்காரப் பொருட்கள், இயந்திர உற்பத்தியின் கீழ் மலிந்ததன் காரணமாக, அழகியல் மத்தியதர மக்கள் மட்டத்திலும் எதிர்பார்க்கப்படும் ஒன்றாக மாறியது. எனினும், உற்பத்தி வழிமுறைகளின் வெளிப்பாடுகளோடு இயைந்த நேர்மையும், அழகும் இவ்வுற்பத்திப் பொருட்களிற் குறைவாகவே காணப்பட்டன.

 
இவ்வாறான ஒரு பொதுவான நிலைமையினால் உருவான திருப்தியின்மை, 20 ஆம் நூற்றாண்டின் தொடக்கத்தில் பல புதிய சிந்தனைப் பாதைகளுக்கு வித்திட்டது. கட்டிடக்கலையைப் பொறுத்தவரை இது நவீன கட்டிடக்கலைக்கு முன்னோடியாக அமைந்ததெனலாம். சிறந்த தரத்தையுடைய இயந்திர உற்பத்திப் பொருட்களை உற்பத்திசெய்வதற்காக உருவாக்கப்பட்ட டொய்ச் வேர்க்பண்ட் (Deutshe Werkbund) இவற்றுள் குறிப்பிடத்தக்கதாகும். கைத்தொழில் வடிவமைப்புத் துறை இங்கேதான் ஆரம்பமானதாகப் பொதுவாகக் கருதப்படுகிறது. இதைத் தொடர்ந்து, 1919 ல், ஜெர்மனியில் ஆரம்பிக்கப்பட்ட பௌஹவுஸ் (Bauhaus) பாடசாலை வரலாற்றை நிராகரித்துவிட்டு, கட்டிடக்கலை என்பது கலை, கைவினை மற்றும் தொழில்நுட்பத்தின் ஒரு தொகுப்பு என்ற கருத்தைக் கொண்டிருந்தது. 
முதன்முதலில் நவீன கட்டிடக்கலை பயிலப்படத் தொடங்கியபோது, அது, தார்மீக, தத்துவ, அழகியல் அடிப்படைகளிலமைந்த, ஒரு முன்னோடி இயக்கமாக இருந்தது. வரலாற்றை நிராகரித்து, வடிவத்தை உருவாக்கும் காரணியாகச் செயற்பாட்டை (function), கருதியதுமூலம் உண்மையைத் தேட முயற்சிக்கப்பட்டது. கட்டிடக்கலைஞர்கள் பிரபலமனார்கள். பின்னர், நவீன கட்டிடக்கலை, பொருளாதார நோக்கத்தையும், எளிமையையும் கருத்தில் கொண்டு, பெரும்படி உற்பத்திமுறையை நோக்கிச் சென்றது.

நவீனத்துவக் கட்டிடக்கலைஞர்கள், கட்டிடங்களை அவற்றின் அடிப்படையான வடிவங்களுக்கு எளிமையாக்க முயன்றனர். இவர்கள் கட்டிடங்களில் அலங்காரங்களை நீக்கிவிட்டனர். உருக்குத் தூண்கள், வளைகள், காங்கிறீற்று மேற்பரப்புக்கள் போன்ற தங்கள் உண்மையான அமைப்புக்களை வெளிப்படுத்தும் கட்டிடங்கள் அலங்காரங்கள் இன்றித் தம்மளவிலேயே அழகானவையாகக் கருதப்பட்டன. மீஸ் வான் டெர் ரோ போன்ற கட்டிடக்கலைஞர்கள், கட்டிடப்பொருட்கள், கட்டுமான நுட்பங்கள் என்பவற்றின் உள்ளார்ந்த அழகியல் இயல்புகளைப் பயன்படுத்திக் கட்டிடங்களை அழகாக்க முயன்றனர். இவர்கள் மரபுவழியான வரலாற்று வடிவங்களுக்குப் பதிலாக எளிமையான வடிவவியல் வடிவங்களை உருவாக்கினர். 
எனினும், நவீன கட்டிடக்கலையில் ஒரு தரக்குறைவு ஏற்பட்டிருப்பதை, 1960களிலிருந்து, பொதுமக்கள் உணர ஆரம்பித்தனர். கருத்தின்மை, வரட்சித்தனம், அழகின்மை, ஒருசீர்த்தன்மை மற்றும் உளவியற் தாக்கங்கள் என்பன இந்நிலைக்குக் காரணமாகக் காட்டப்பட்ட சில விடயங்களாகும். 
கட்டிடக்கலையில் இருக்கவேண்டிய ஆழத்தைத் தியாகம் செய்துவிட்டு, வெளித்தோற்ற அளவில் பொதுமக்களைக் கவரக்கூடிய கட்டிடங்களைக் கொடுக்கும் பாதையொன்றைக் கைக்கொள்வதுமூலம், மேற்கூறிய நிலைமைக்குப் பதிலளிக்கக் கட்டிடக்கலைத் துறை முயன்றது. இது பின்நவீனத்துவம் (Postmodernism) என அழைக்கப்பட்டது. உள்ளே செயல்பாடுகளுக்கு உகந்தபடியான வடிவமைப்பையும், வெளியில் அலங்கரிக்கப்பட்டதுமான கொட்டகை; உள்ளும், புறமும் ஒரே நேரத்தில் சிந்தித்து வடிவமைக்கமுயன்று, கவர்ச்சியற்ற கட்டிடத்தைக் கட்டுவதிலும் சிறந்தது என்ற தொனிகொண்ட, ராபர்ட் வெஞ்சூரி என்னும் கட்டிடக்கலைஞரது கருத்து, இந்த அணுகுமுறையின் நோக்கத்தை விளக்குகிறது.

கட்டிடக்கலைத் துறையின் இன்னொரு பகுதியினரும், கட்டிடக்கலைஞரல்லாதோர் சிலரும், பிரச்சினையின் அடிப்படை என்று அவர்கள் கருதிய விடயங்களுக்குத் தீர்வுகாண்பதன் மூலம் இப் பிரச்சினையை அணுக முயன்றனர். கட்டிடக்கலையென்பது, தனிப்பட்ட கட்டிடக்கலைஞர்கள் தங்கள் விருப்பங்கள், தத்துவங்கள் அல்லது அழகியல் நோக்கங்களை அடைவதற்கான ஒன்றல்லவென்றும், மாறாக மக்களுடைய நாளாந்தத் தேவைகளைக் கருத்திற்கொண்டு, தொழில்நுட்பங்களை உபயோகப்படுத்தி , வாழ்வுக்குகந்த சூழலை வழங்குவதாக இருக்கவேண்டுமென அவர்கள் கருதினர். சிறந்த உற்பத்திகளை உருவாக்குவதற்கு வழிசமைக்கக் கூடிய, புதிய வடிவமைப்பு வழிமுறையைக் கண்டுபிடிக்கும் நோக்கில், கிறிஸ் ஜோன்ஸ், கிறிஸ்தோபர் அலெக்ஸாண்டர் போன்றவர்களைக் கொண்ட வடிவமைப்பு வழிமுறைகள் இயக்கம் (Design Methodology Movement) ஆரம்பிக்கப்பட்டது. நடத்தை, சூழல் மற்றும் சமூக அறிவியல் சார்ந்த விடயங்களில் விரிவான ஆராய்ச்சிகள் செய்யப்பட்டு, வடிவமைப்பு வழிமுறைகளுக்கு உதவக்கூடிய தகவல்கள் பெறப்பட்டன.
மேலும் பல பிரச்சினைகள் அடையாளம் காணப்படத் தொடங்கியபோது, கட்டிடச் சேவைகள் போன்ற அம்சங்கள் தொடர்பில், கட்டிடங்களின் சிக்கல்தன்மை அதிகரித்து, கட்டிடக்கலை, எப்பொழுதுமில்லாதபடி பல்துறைசார்ந்த ஒன்றாக ஆனது. இதனால், கட்டிடக்கலை சார்ந்த கட்டிடங்களின் உருவாக்கத்துக்கு, பல உயர்தொழில் நிபுணர்களைக் கொண்ட ஒரு குழு தேவைப்பட்டது. ஆரம்பத்தில் இக்குழுவுக்குக் கட்டிடக் கலைஞரே தலைவராக விளங்கினார். தற்காலத்தில் இத் தலைமைப் பொறுப்புக்கும், பல சிறப்புப் பயிற்சிகள் தேவைப்பட்ட காரணத்தினால், திட்ட முகாமைத்துவம் போன்ற புதிய துறைகள் தோன்றிக் கட்டிடக்கலைத் துறையின் தலைமை நிலையையும் பிடித்துக்கொள்ள ஆரம்பித்துவிட்டன. எனினும், கட்டிடங்களின் வடிவமைப்பு அம்சங்களைப் பொறுத்தவரை, கட்டிடக்கலைத்துறை இன்னும் பலமாகவேயிருந்து வருகின்றது. விசேடமாக, பண்பாட்டுச் சின்னங்களாகக் கருதப்படக்கூடிய கட்டிடவகைகளில், கட்டிடக்கலைப் பாணி சார்ந்த பரிசோதனைகள் இன்னும் நிகழக்கூடிய நிலையுள்ளதுடன் அவை மேற்படி பரிசோதனைகளின் காட்சியகங்களாகவும் விளங்குகின்றன. 
மனித இனத்தின் உற்பத்திகளிலே, எக்காலத்திலும், மிகக் கூடிய அளவு பார்வைக்குத் தெரிகின்றவை கட்டிடங்களேயாகும். இருந்தும், அவற்றுட் பெரும்பாலானவை, சாதாரண மக்களினாலேயோ அல்லது வளரும் நாடுகளிலுள்ளதுபோல், கொத்தனார்களாலேயோ கட்டப்படுகின்றன. வளர்ந்த நாடுகளிலே தரப்படுத்தப்பட்ட (standardised) உற்பத்திமுறைகள் மூலம் பெருமளவு கட்டிடங்கள் உருவாகின்றன. கட்டிட உற்பத்தியின் மிகக் குறைவான வீதமே கட்டிடக்கலைஞரின் ஈடுபாட்டைக் கொண்டுள்ளன. சிக்கலான கட்டிட வகைகளிலும், பண்பாட்டு, மற்றும் அரசியற் சின்னங்களாக விளங்கக்கூடிய கட்டிடங்களில் மட்டுமே கட்டிடக்கலைஞரின் திறமை பெரும்பாலும் வேண்டப்படுகின்றது. இவற்றைத்தான் பொதுமக்களும், கட்டிடக்கலை சார்ந்த கட்டிடங்களாகக் கருதுகிறார்கள். சமூகத்துக்கும், கட்டிடக்கலைஞருக்குமிடையே எப்பொழுதும் ஒரு கருத்துப்பரிமாற்றம் நடந்துகொண்டுதான் வருகிறது. இப் பரிமாற்றத்தின் விளைவுகள்தான் கட்டிடக்கலையும், அதன் உற்பத்திப்பொருட்களுமாகும் என்று சொல்லலாம்.

BULLET::::- கட்டிடக் கலைஞர்
BULLET::::- கட்டிடக்கலை வரலாறு
BULLET::::- கட்டிடக்கலைப் பாணி
BULLET::::- கட்டிடங்களின் பட்டியல்
BULLET::::- கட்டிடக்கலையில் வடிவங்கள் (Forms)
BULLET::::- குறிப்பிடத்தக்க கட்டிடக்கலைஞர்களின் பட்டியல்
BULLET::::- வானளாவி (Skyscraper)
BULLET::::- இடவெளித் தொகுப்பு (Space Syntax)
BULLET::::- தாங்குதிறன் வடிவமைப்பு (Sustainable Design)
BULLET::::- உருப்படிம மொழி (Pattern Language)
BULLET::::- கணிதமும், கட்டிடக்கலையும்
BULLET::::- கட்டிட வரைபடங்கள்
BULLET::::- கட்டிடக்கலைசார் அழகியல்
BULLET::::- பசுமைக் கட்டிடங்கள் (Green Buildings)
BULLET::::- கட்டிடக்கலை மானிடவியல் (Architectural Anthropology)

BULLET::::- Famous architects - Biographies of well-known architects, almost all of the Modern Movement.
BULLET::::- Dravidian Temple Architecture
BULLET::::- Vitruvius' ""Ten Books of Architecture"" online
BULLET::::- Skyscrapers.com database on skyscrapers and tall structures
BULLET::::- Royal Institute of British Architects
BULLET::::- American Institute of Architects
BULLET::::- Institute for Architectural Theory, Swiss Federal Institute of Technology, Zurich
BULLET::::- What is New Urbanism? - Congress for the New Urbanism
BULLET::::- What is Landscape Architecture? - American Society of Landscape Architects
BULLET::::- Architecture and Urban Research Laboratory
BULLET::::- Canadian Centre for Architecture - International Research Centre and Museum devoted to Architecture
BULLET::::- http://www.architexturez.net
BULLET::::- http://www.pritzkerprize.com/
BULLET::::- http://www.vitruvio.ch/
",கட்டிடக்கலை,https://ta.wikipedia.org/wiki?curid=12,கட்டிடக்கலை,1
43441,['கட்டிடக்கலை'],13,"கட்டிடங்களின் பட்டியல்

பிரபலமான அல்லது குறிப்பிடத்தக்க கட்டிடங்கள்: 
BULLET::::- 1 கனடா சதுக்கம், இலண்டன், ஐக்கிய இராச்சியம்
BULLET::::- 191 பீச்ட்றீ கோபுரம், அட்லாண்டா, ஜார்ஜியா, ஐக்கிய அமெரிக்க நாடுகள்
BULLET::::- 30 சென் மேரி அக்ஸ், இலண்டன்
BULLET::::- 8 கனடா சதுக்கம், இலண்டன்
BULLET::::- அல் அக்சா மசூதி, ஜெரூசலம்
BULLET::::- அஸ்ரீலி மையம் வட்டக் கோபுரம், தெல்-அவீவ், இஸ்ரேல்
BULLET::::- அஸ்ரீலி மையம் முக்கோணக் கோபுரம், தெல்-அவீவ், இஸ்ரேல்
BULLET::::- அமெரிக்க வங்கி பிளாசா, அட்லாண்டா, ஜார்ஜியா, ஐக்கிய அமெரிக்க நாடுகள்
BULLET::::- சீன வங்கிக் கோபுரம், ஹொங்கொங்
BULLET::::- Bauhaus, Dessau, ஜெர்மனி
BULLET::::- Bayreuth Festspielhaus, Bayreuth, ஜெர்மனி
BULLET::::- Beaulieu Palace, Essex, England, ஐக்கிய இராச்சியம்
BULLET::::- பிராண்டென்பேர்க் நுழைவாயில், பெர்லின், ஜெர்மனி
BULLET::::- பிருஹதீஸ்வரர் கோவில், தஞ்சாவூர், இந்தியா
BULLET::::- பி.டி (BT) கோபுரம், இலண்டன், ஐக்கிய இராச்சியம்
BULLET::::- புக்காரெஸ்ட் Mall, புக்காரெஸ்ட், ருமேனியா
BULLET::::- பக்கிங்ஹாம் அரண்மனை, இலண்டன்
BULLET::::- புல்குக்சா, வட கியொங்சாங், வட கொரியா
BULLET::::- ககுவாஸ் (Caguas) கோபுரம், ககுவாஸ், புவேர்ட்டோ ரிக்கோ
BULLET::::- காசா மிலா (Casa Milà), பார்சிலோனா, ஸ்பெயின்
BULLET::::- Cathedral of Christ the Saviour , மாஸ்கோ, ரஷ்யா
BULLET::::- மத்திய பிளாசா (Central), ஹொங்கொங்
BULLET::::- செண்டர் பொயிண்ட் (Centre Point), இலண்டன்
BULLET::::- கிறிஸ்லெர் கட்டிடம், நியூயார்க் நகரம், நியூயார்க் மாநிலம், ஐக்கிய அமெரிக்க நாடுகள்
BULLET::::- பெருநகர் நுழைவாயில், ராமத்-கன், இஸ்ரேல்
BULLET::::- கொலோன் தேவாலயம், கொலோன், ஜெர்மனி
BULLET::::- கொலோன் நாடக அரங்கு (Cologne Theater), புவெனஸ் அயர்ஸ், ஆர்ஜெண்டீனா
BULLET::::- கொலோசியம், ரோம், இத்தாலி
BULLET::::- கொமேர்ஸ்பாங்க் கோபுரம், பிராங்க்பர்ட், ஜெர்மனி
BULLET::::- கொன்செர்ட்கெபவ், ஆம்ஸ்டர்டம், நெதர்லாந்து
BULLET::::- கிறிஸ்டல் மாளிகை, இலண்டன், ஐக்கிய இராச்சியம்
BULLET::::- சி.என் கோபுரம் (C.N. Tower), டொரான்டோ, ஒண்டாரியோ, கனடா
BULLET::::- டி.ஜி வங்கி கட்டிடம் (D.G. Bank Building), பெர்லின், ஜெர்மனி
BULLET::::- பாறைக் குவிமாடம், ஜெருசலெம், இஸ்ரேல்
BULLET::::- டொங்லின் கோவில், ஜியாங்ஷி, மக்கள் சீனக் குடியரசு
BULLET::::- டுபாய் லாண்ட், துபாய், ஐக்கிய அரபு அமீரகம்
BULLET::::- ஈபெல் கோபுரம், பாரிஸ், பிரான்ஸ்
BULLET::::- எமிரேட்ஸ் கோபுரங்கள், துபாய், ஐக்கிய அரபு அமீரகம்
BULLET::::- எம்பயர் ஸ்டேட் கட்டிடம், நியூயார்க் நகரம், நியூயார்க் மாநிலம், ஐக்கிய அமெரிக்க நாடுகள்

BULLET::::- எல் எஸ்கோரியல், ஸ்பெயின்
BULLET::::- பிளடிரோன் கட்டிடம் (Flatiron), நியூயார்க் நகரம், நியூயார்க் மாநிலம், ஐக்கிய அமெரிக்க நாடுகள்

BULLET::::- குளோப் நாடக அரங்கு (Globe Theatre), இலண்டன், ஐக்கிய இராச்சியம்
BULLET::::- பெரிய பிரமிட், கிஸா, எகிப்து
BULLET::::- குகென்ஹெயிம் அருங்காட்சியகம், பில்போ, ஸ்பெயின்
BULLET::::- ஹபிட்டாற் '67 (Habitat '67), மொன்றியல், கியூபெக், கனடா
BULLET::::- ஹேகியா சோபியா, இஸ்தான்புல், துருக்கி
BULLET::::- ஹெயின்சா (Haeinsa), வட கியொங்சாங், வட கொரியா
BULLET::::- ஜோன் ஹன்கொக் கட்டிடம், சிகாகோ, இலினொய்ஸ், ஐக்கிய அமெரிக்க நாடுகள்

BULLET::::- ஹிமேஜி கோட்டை (Himeji castle), Hyogo prefecture, ஜப்பான், ஜப்பான்
BULLET::::- ஹிரோஷிமா சமாதான நினைவகம், ஹிரோஷிமா, ஜப்பான்
BULLET::::- ஹொலிவூட் மாளிகை, எடின்பரோ, ஐக்கிய இராச்சியம்
BULLET::::- ஹோப்வெல் செண்டர், ஹொங்கொங்
BULLET::::- ஜெபெர்சன் வளைவு (Arch), சாந். லூயிஸ், மிசூரி, ஐக்கிய அமெரிக்க நாடுகள்

BULLET::::- ஜெபெர்சன் நினைவகம், வாஷிங்டன், டி. சி, ஐக்கிய அமெரிக்க நாடுகள்
BULLET::::- ஜே.பி. மோர்கன் சேஸ் கோபுரம், ஹியூஸ்டன், டெக்சஸ், ஐக்கிய அமெரிக்க நாடுகள்
BULLET::::- காபா, மக்கா, சவுதி அரேபியா
BULLET::::- பீசாவின் சாய்ந்த கோபுரம், பீசா, இத்தாலி
BULLET::::- லீன்ஸ்டர் ஹவுஸ், டப்லின், அயர்லாந்து
BULLET::::- அலெக்ஸாண்ட்ரியா கலங்கரை விளக்கம், அலெக்ஸாண்ட்ரியா, எகிப்து
BULLET::::- Madeleine, Église de la, பாரிஸ், பிரான்ஸ்
BULLET::::- மால் ஆஃப் அமெரிக்கா (Mall of America), புளூமிங்டன், மினசோட்டா, ஐக்கிய அமெரிக்க நாடுகள்
BULLET::::- மேரி-ரெனி-து-மாந்தே தேவாலயம் (Marie-Reine-du-Monde Cathedral), மொன்றியல், கியூபெக், கனடா
BULLET::::- மிலான் மத்திய நிலையம், மிலான், இத்தாலி
BULLET::::- இத்வோமோ தி மிலானோ (Duomo di Milano), மிலான், இத்தாலி
BULLET::::- மில்லெனியம் டோம், இலண்டன், ஐக்கிய இராச்சியம்
BULLET::::- நொட்ரே-டேம் டி மொன்ரியல் பசிலிக்கா, மொன்றியல், கியூபெக், கனடா
BULLET::::- நொட்ரே-டேம் டி பாரிஸ், பாரிஸ், பிரான்ஸ்
BULLET::::- ஓர்சன்மிச்சேல், புளோரன்ஸ், இத்தாலி
BULLET::::- பான் அம் கட்டிடம், நியூயார்க் நகரம், நியூயார்க் மாநிலம், ஐக்கிய அமெரிக்க நாடுகள்
BULLET::::- பார்த்தினன், பாரிஸ், பிரான்ஸ்
BULLET::::- பாரிஸ் ஒபேரா (பலைஸ் கார்னியர்), பாரிஸ், பிரான்ஸ்
BULLET::::- பார்த்தினன், ஏதென்ஸ், கிரீஸ்
BULLET::::- பெண்டகன், ஆர்லிங்டன், வெர்ஜீனியா, ஐக்கிய அமெரிக்கா
BULLET::::- பெட்ரோனாஸ் கோபுரங்கள், கோலாலம்பூர், மலேசியா
BULLET::::- பிளாஸா லாஸ் அமெரிக்காஸ், சான் ஜுவான், பியூட்டோரிக்கோ
BULLET::::- பிறாடோ நூதனசாலை, மாட்ரிட், ஸ்பெயின்
BULLET::::- புரொமெனேட் II, அட்லாண்டா, ஜார்ஜியா, ஐக்கிய அமெரிக்க நாடுகள்
BULLET::::- றீச்ஸ்டயிக் கட்டிடம் (Reichstag Building), பெர்லின், ஜேர்மனி
BULLET::::- ரிலையண்ட் அஸ்ட்ரோடோம், ஹூஸ்டன், டெக்சஸ், ஐக்கிய அமெரிக்கா
BULLET::::- ரொபர்ட்டோ கிளெமண்ட் கொலிசியம், பியூட்டோரிக்கோ
BULLET::::- ரோயல் ஒப்பேரா ஹவுஸ், இலண்டன், ஐக்கிய இராச்சியம்
BULLET::::- ரியூக்யொங் ஹோட்டல், பியொங்யாங், வட கொரியா
BULLET::::- சக்ராதா பமிலியா (Sagrada Família), பார்சிலோனா, ஸ்பெயின்
BULLET::::- Sainte-Chapelle, பாரிஸ், பிரான்ஸ்
BULLET::::- சென். ஜோசப் டியு மொண்ட்-ரோயல், மொண்ட்ரியல்
BULLET::::- சாந்தா மரியா நொவெல்லா, புளோரன்ஸ்
BULLET::::- ஷலோம் மெயர் கோபுரம், தெல்-அவிவ், இஸ்ரேல்
BULLET::::- ஷெரட்டன் சிட்டி கோபுரம், ரமாத்-கன், இஸ்ரேல்
BULLET::::- சொலமன் ஆர். குகனீம் நூதனசாலை, நியூயார்க் நகரம், நியூயார்க் மாநிலம், ஐக்கிய அமெரிக்க நாடுகள்
BULLET::::- சென் போல்ஸ் பேராலயம், இலண்டன், ஐக்கிய இராச்சியம்
BULLET::::- புனித பீட்டர் தேவாலயம் (St.Peters Basillica), ரோம், இத்தாலி
BULLET::::- லா ஸ்காலா அரங்கம், மிலான், இத்தாலி
BULLET::::- ஷௌன்ப்ர்ண் அரண்மனை (Schönbrunn Palace), ஆஸ்திரியா
BULLET::::- சியேர்ஸ் கோபுரம், சிகாகோ, இலினொய்ஸ், ஐக்கிய அமெரிக்கா
BULLET::::- ஸ்கை டோம், டொரான்டோ, ஒண்டாரியோ, கனடா
BULLET::::- சிங்கர் கட்டிடம், நியூயார்க் நகரம், நியூயார்க் மாநிலம், ஐக்கிய அமெரிக்க நாடுகள்
BULLET::::- சிமித் கோபுரம், சியாடில், வொஷிங்டன், ஐக்கிய அமெரிக்க நாடுகள்
BULLET::::- சொன்குவாங்சா, தெற்கு ஜோல்லா, தென் கொரியா
BULLET::::- சௌத்டேல், எடினா, மினசோட்டா, ஐக்கிய அமெரிக்கா
BULLET::::- விண்வெளி ஊசி (Space Needle), சியாட்டில், வொஷிங்டன், ஐக்கிய அமெரிக்கா
BULLET::::- ஸ்டீபன்ஸ்டம் (Stephansdom), வியன்னா
BULLET::::- கோடை அரண்மனை, பீஜிங், மக்கள் சீனக் குடியரசு
BULLET::::- சண்ட்ரஸ்ட் பிளாஸா, அட்லாண்டா, ஜார்ஜியா, ஐக்கிய அமெரிக்க நாடுகள்
BULLET::::- சிட்னி ஒப்பேரா மாளிகை, சிட்னி, அவுஸ்திரேலியா
BULLET::::- தாய்ப்பே 101, தாய்ப்பே, தாய்வான்
BULLET::::- தாஜ் மஹால், ஆக்ரா, இந்தியா
BULLET::::- டி & சி கோபுரம், Kaohsiung, தாய்வான்
BULLET::::- தெல்-அவிவ் மத்திய பேருந்து நிலையம், தெல்-அவிவ், இஸ்ரேல்
BULLET::::- சுவர்க்கக் கோவில், பீஜிங், மக்கள் சீனக் குடியரசு
BULLET::::- டோக்கியோ கோபுரம், டோக்கியோ, ஜப்பான்
BULLET::::- கோபுரம் 42, இலண்டன், ஐக்கிய இராச்சியம்
BULLET::::- ட்ரான்ஸ் அமெரிக்கா பிரமிட், சான் பிரான்சிஸ்கோ, கலிபோர்னியா, ஐக்கிய அமெரிக்கா
BULLET::::- ட்ரிபியூன் கோபுரம், சிகாகோ, இலினொய்ஸ், ஐக்கிய அமெரிக்கா
BULLET::::- ஐக்கிய நாடுகள் தலைமையகம், நியூயார்க் நகரம், நியூயார்க் மாநிலம், ஐக்கிய அமெரிக்க நாடுகள்
BULLET::::- யூ.எஸ். வங்கி கோபுரம், லாஸ் ஏஞ்சல்ஸ், கலிபோர்னியா, ஐக்கிய அமெரிக்கா
BULLET::::- வெர்செயிலஸ் அரண்மனை, வெர்செயிலஸ், பிரான்ஸ்
BULLET::::- வில்லா சவோய், பொய்சி-சர்-சீனே, பிரான்ஸ்
BULLET::::- மேற்கு எட்மண்டன் அங்காடி, எட்மண்டன், அல்பேர்ட்டா, கனடா
BULLET::::- வெஸ்டின் பீச்ட்ரீ பிளாஸா, அட்லாண்டா, ஜார்ஜியா, ஐக்கிய அமெரிக்க நாடுகள்
BULLET::::- வெஸ்ட்மின்ஸ்டர் அபே, இலண்டன், ஐக்கிய இராச்சியம்
BULLET::::- வெஸ்ட்மின்ஸ்டர் அரண்மனை, இலண்டன்
BULLET::::- வெள்ளை மாளிகை, வாஷிங்டன், டி.சி., ஐக்கிய அமெரிக்கா
BULLET::::- வின்செஸ்டர் மர்ம மாளிகை, சான் ஜோஸ், கலிபோர்னியா, ஐக்கிய அமெரிக்கா
BULLET::::- குளிர்கால அரண்மனை, சென். பீட்டர்ஸ்பர்க், ரஷ்யா
BULLET::::- வூல்வேர்த் கட்டிடம், நியூயார்க் நகரம், நியூயார்க் மாநிலம், ஐக்கிய அமெரிக்க நாடுகள்
BULLET::::- உலக வர்த்தக மையம், நியூயார்க் நகரம், நியூயார்க் மாநிலம், ஐக்கிய அமெரிக்க நாடுகள்
BULLET::::- ரிக்லே கட்டிடம், சிகாகோ, இலினொய்ஸ், ஐக்கிய அமெரிக்க நாடுகள்

BULLET::::- ஐக்கிய அமெரிக்காவிலுள்ள 50 உயரமான கட்டிடங்கள்.
BULLET::::- Amphitheatre
BULLET::::- நீர்காவி (Aqueduct)
BULLET::::- கட்டிடக்கலை
BULLET::::- பெருநகர் நுழைவாயில்
BULLET::::- பதுகாப்புச் சுவர்
BULLET::::- List of abbeys and priories
BULLET::::- List of basilicas
BULLET::::- பாலங்களின் பட்டியல்
BULLET::::- இந்துக் கோவில்களின் பட்டியல்
BULLET::::- பௌத்த கோவில்களின் பட்டியல்
BULLET::::- கட்டிட வகைகளின் பட்டியல்
BULLET::::- List of castles
BULLET::::- பேராலயங்களின் பட்டியல் (Cathedrals)
BULLET::::- அணைக்கட்டுகளின் பட்டியல்
BULLET::::- பிரபல தொல்பொருளியற் களங்களின் பட்டியல்
BULLET::::- பிரபல களங்களின் பட்டியல் (sites)
BULLET::::- வரலாற்றுச் சிறப்புமிக்க வீடுகளின் பட்டியல்
BULLET::::- வானளாவிகளின் பட்டியல் (skyscrapers)
BULLET::::- உலகின் உயரமான அமைப்புகளின் பட்டியல்
BULLET::::- சுவர்களின் பட்டியல்
BULLET::::- Opera house
BULLET::::- அரண்மனைகள்
BULLET::::- அங்காடித் தொகுதி
BULLET::::- இலண்டனின் உயரமான கட்டிடங்கள்
BULLET::::- வெற்றி வளைவுகள் (Triumphal arch)
BULLET::::- உலக பாரம்பரியக் களங்கள்
",கட்டிடங்களின் பட்டியல்,https://ta.wikipedia.org/wiki?curid=13,கட்டிடக்கலை,1
43442,"['கட்டிடக்கலை', 'கட்டிடக்கலைஞர்கள்']",16,"கட்டடக் கலைஞர்

ஒரு கட்டிடக்கலைஞன் அல்லது கட்டிடச்சிற்பி (""Architect"") என்பவன் கட்டிடத் திட்டமிடல், வடிவமைப்பு மற்றும் கட்டிட நிர்மாண மேற்பார்வை என்பவற்றில் தேர்ச்சி பெற்ற ஒருவனாவான். கட்டிடக்கலையைப் பார்க்கவும். கட்டிடக்கலைஞர்கள், மருத்துவர்கள், வக்கீல்கள் மற்றும் பொறியியலாளர்களைப்போல உயர்தொழில் வல்லுனர்களாகக் கணிக்கப்படுகிறார்கள். ஒரு கட்டிடக்கலைஞன் பெறக்கூடிய அதி கௌரவம் பிரிட்ஸ்கெர் பரிசு (""Pritzker Prize"") ஆகும்.

முற்காலத்தில் கட்டிடக்கலைஞர்கள், திட்டமிடல், வடிவமைப்பு, மேற்பார்வை மட்டுமின்றி, தாங்களே முன்னின்று கட்டிடவேலைகளில் ஈடுபட்டார்கள். பழங்காலக் கட்டிடங்களிலே சிற்பவேலைப்பாடுகள் மிக முக்கிய இடத்தை வகித்தபடியால், இவர்களும் சிற்பிகள் என்றே அழைக்கப்பட்டார்கள்.

பல நாடுகளிலே, கட்டிடக்கலைஞர்கள் தொழில்புரிவதற்கு அனுமதி பெற்றிருக்கவேண்டும். தொழில் முறையில், கட்டிடக் கலைஞர் ஒருவரின் தீர்மானங்கள் பொதுப் பாதுகாப்பைப் பாதிக்கக் கூடியவை. அதனால், உயர்நிலைக் கல்வியையும், செய்முறை அனுபவத்தையும் உள்ளடக்கிய சிறப்புப் பயிற்சி பெற்றிருக்கும் ஒருவருக்கே கட்டிடக்கலைத் தொழிலில் ஈடுபடுவதற்கான அனுமதி வழங்கப்படுகிறது. இந்த அனுமதி, பொதுச் சட்டவிதிகளின் கீழ் அமைக்கப்பட்ட தனி அமைப்பொன்றினாலோ அல்லது கட்டிடக்கலைஞர் நிறுவனங்களினாலோ வழங்கப்படுகின்றது. நாட்டுக்கு நாடு இந்த அனுமதிபெறுவதற்கான, வழிமுறைகளும், பயிற்சிகளும், சிற்றளவில் வேறுபடுகின்றன. பல நாடுகளில் ""கட்டிடக்கலைஞர்"" என்னும் பெயரைப் பயன்படுத்திக்கொள்ளும் உரிமையும் சட்டத்தினால் பாதுகாக்கப்பட்டு உள்ளது. இந்நாடுகளில், உரிய பயிற்சி பெறாமல் கட்டிடக்கலைஞர் என்று அழைத்துக்கொள்வது சட்டப்படி குற்றம்.

இங்கு தரப்பட்டுள்ள குறிப்பிடத்தக்க கட்டிடக்கலைஞர்களின் பட்டியல் அவர்களுடைய முக்கியமான வேலைகளின் காலப்பகுதியைத் தழுவி, காலஒழுங்கு அடிப்படையிலும், அக் காலப்பகுதியினுள் அகரமுதல் அடிப்படையிலும் உள்ளது.

BULLET::::- பாஹாவுஸ் (""Bauhaus""), ஜெர்மனி
BULLET::::- இக்கோல் தெ பியூ ஆர்ட்ஸ் (""Ecole des Beaux Arts""), பாரிஸ்

BULLET::::- குடிசார் பொறியியல் (Civil engineering)
BULLET::::- அமைப்புப் பொறியியல் (Structural engineering)
BULLET::::- கட்டிடக்கலைஞர் சங்கங்கள்
BULLET::::- குடிசார் பொறியாளர்
",கட்டடக் கலைஞர்,https://ta.wikipedia.org/wiki?curid=16,கட்டிடக்கலை,1
43443,['கட்டிடக்கலைஞர்கள்'],17,"குறிப்பிடத்தக்க கட்டிடக்கலைஞர்களின் பட்டியல்

குறிப்பிடத்தக்க கட்டிடக்கலைஞர்களின் பட்டியல்

BULLET::::- மார்க்கஸ் அக்ரிப்பா
BULLET::::- ட்ரலசிய அந்தேமியஸ் (Anthemius of Tralles)
BULLET::::- இம்ஹோடெப் (Imhotep)
BULLET::::- இக்டினொஸ் (Iktinos)
BULLET::::- மிலெட்டஸ் இசிடோர் (Isidore of Miletus)
BULLET::::- கல்லிக்கிறேட்டஸ் (Kallikrates)
BULLET::::- நெசிக்கிள்ஸ் (Mnesicles)
BULLET::::- நிம்ரொட்
BULLET::::- விட்ருவியஸ்
BULLET::::- விவாஸ்வட்

BULLET::::- ராபர்ட் டி லுஸார்ச்செஸ்
BULLET::::- வில்லார்ட் டி ஹொன்னெக்கோர்ட்

BULLET::::- லியொன் பட்டிஸ்டா அல்பர்ட்டி
BULLET::::- டொனாட்டோ பிரமண்டே
BULLET::::- பிலிப்போ புருனெலெஸ்ச்சி (Filippo Brunelleschi)
BULLET::::- லியொனார்டோ டா வின்சி
BULLET::::- மிக்கெலொஸ்ஸோ மிக்கெலொஸ்ஸி (Michelozzo Michelozzi)

BULLET::::- கலீஸ்ஸோ அலெஸ்ஸி (Galeazzo Alessi)
BULLET::::- பார்த்தொலோமியோ அம்மானத்தி (Bartolomeo Ammanati)
BULLET::::- மைக்கலாஞ்சலோ புவோனரோட்டி
BULLET::::- Philibert de l'Orme
BULLET::::- அண்ட்ரியா பல்லாடியோ (Andrea Palladio)
BULLET::::- அண்டோனியோ சங்கால்லோ
BULLET::::- ரஃபாயேலோ சாண்டி (Raffaello Santi)
BULLET::::- சினான்
BULLET::::- ஜோர்ஜியோ வசாரி
BULLET::::- கியாகோமோ பரோஸ்சி டா விக்னோலா (Giacomo Barozzi da Vignola)

BULLET::::- கியான் லொரென்ஸோ பெர்னினி ( Gian Lorenzo Bernini)
BULLET::::- பிரான்ஸெஸ்கோ பொரோமினி (Francesco Borromini)
BULLET::::- பியெட்ரோ டா கொர்தோனா(Pietro da Cortona)
BULLET::::- குவாரினோ குவாரினி (Guarino Guarini)
BULLET::::- உஸ்தாத் இஸா (Ustad Isa)
BULLET::::- இனிகோ ஜோன்ஸ்
BULLET::::- கார்லோ மடேர்னோ
BULLET::::- கார்லோ ரைனால்டி (Carlo Rainaldi)
BULLET::::- ஜான் வெப் (John Webb)
BULLET::::- கிறிஸ்தோபர் ரென் (Christopher Wren)

BULLET::::- ராபர்ட் ஆடம் (Robert Adam)
BULLET::::- கொஸ்மாஸ் டாமியன் ஆசாம் (Cosmas Damian Asam)
BULLET::::- எகிட் குயிரின் ஆசாம் (Egid Quirin Asam)
BULLET::::- Étienne-Louis Boullée
BULLET::::- வில்லியம் சேம்பர்ஸ் (William Chambers)
BULLET::::- கிரிஸ்தோஃப் தியென்சென்ஹோபர் (Christof Dienzenhofer)
BULLET::::- கிலியன் இக்னாஸ் தியென்சென்ஹோபர் (Kilian Ignaz Dienzenhofer)
BULLET::::- ஜோஹான் பெர்ன்ஹார்ட் ஃபிஷர் வொன் ஏர்லாச் (Johann Bernhard Fischer von Erlach)
BULLET::::- ஜொஹான் மைக்கேல் ஃபிஷர் (Johann Michael Fischer)
BULLET::::- நிக்கொலாஸ் ஹோக்ஸ்மூர் (Nicholas Hawksmoor)
BULLET::::- Johann Lukas von Hildebrandt
BULLET::::- ஜேம்ஸ் ஹோபன் (James Hoban)
BULLET::::- தோமஸ் ஜெஃபர்சன்
BULLET::::- ஃபிலிப்போ ஜுவார்ரா (Filippo Juvarra)
BULLET::::- வில்லியம் கெண்ட் (William Kent)
BULLET::::- பெஞ்சமின் லாட்ரோப் (Benjamin Latrobe)
BULLET::::- Jules Hardouin Mansart
BULLET::::- ஜோசெஃப் முங்கெனாஸ்ட் (Josef Munggenast)
BULLET::::- பல்தாசர் நியூமான் (Balthasar Neumann)
BULLET::::- Giuseppe Piemarini
BULLET::::- Jakob Prandtauer
BULLET::::- ஜொஹான் மைக்கேல் புரூன்னர் (Johann Michael Prunner)
BULLET::::- Jacques-Germain Soufflot
BULLET::::- வில்லியம் தோர்ன்டன் (William Thornton)
BULLET::::- Luigi Vanvitelli
BULLET::::- John Vanbrugh
BULLET::::- Bernardo Vittone
BULLET::::- Dominikus Zimmermann
BULLET::::- Johann Baptist Zimmermann

BULLET::::- Dankmar Adler
BULLET::::- சர் சார்லஸ் பரி (Charles Barry)
BULLET::::- சார்லஸ் பரி (junior)
BULLET::::- Edward Middleton Barry
BULLET::::- Frederic Auguste Bartholdi
BULLET::::- Charles Bulfinch
BULLET::::- William Burges
BULLET::::- எட்வார்ட் கிளாக் (Edward Clark)
BULLET::::- Thomas Cubitt
BULLET::::- Pierre Cuypers
BULLET::::- Alexandre Gustave Eiffel
BULLET::::- சார்லஸ் கார்னியர் (Charles Garnier)
BULLET::::- பிலிப் ஹார்ட்விக் (Philip Hardwick)
BULLET::::- விக்டர் ஹோர்ட்டா Horta (Victor Horta)
BULLET::::- ரிச்சார்ட் ஹண்ட் (Richard Hunt)
BULLET::::- Henri Labrouste
BULLET::::- Benjamin Henry Latrobe
BULLET::::- William LeBaron Jenney
BULLET::::- Charles Follen McKim
BULLET::::- ஜான் நாஷ் (John Nash)
BULLET::::- Frederick Law Olmsted
BULLET::::- ஜோசேஃப் பக்ஸ்டன் (Joseph Paxton)
BULLET::::- A. W. N. Pugin
BULLET::::- ஜேம்ஸ் ரென்விக் (James Renwick)
BULLET::::- ஹென்றி ஹொப்சன் ரிச்சார்ட்சன் (Henry Hobson Richardson)
BULLET::::- ஜான் ரூட் (John Root)
BULLET::::- ஜார்ஜ் கில்பர்ட் ஸ்கொட் (George Gilbert Scott)
BULLET::::- கொட்பிரைட் செம்பர் (Gottfried Semper)
BULLET::::- John Soane
BULLET::::- லூயிஸ் சலிவன் (Louis Sullivan)
BULLET::::- Eugene Viollet-le-Duc
BULLET::::- Thomas Ustik Walter
BULLET::::- Alfred Waterhouse
BULLET::::- Stanford White

BULLET::::- அல்வார் ஆல்டோAlvar Aalto
BULLET::::- டேவிட் அட்லர்David Adler
BULLET::::- கிறிஸ்தோபர் அலெக்சாண்டர்Christopher Alexander
BULLET::::- Tadao Ando
BULLET::::- லூயிஸ் பராகன் (Luis Barragan)
BULLET::::- Frederic Bereder
BULLET::::- Henrik Petrus Berlage
BULLET::::- Gottfried Boehm
BULLET::::- ரிக்காடோ போவில் (Ricardo Bofill)
BULLET::::- Mario Botta
BULLET::::- Marcel Lajos Breuer
BULLET::::- J. van den Broek
BULLET::::- Gordon Bunshaft
BULLET::::- John Burgee
BULLET::::- டானியேல் பர்ண்ஹம் (Daniel Burnham)
BULLET::::- சந்தியாகோ கலத்ராவா (Santiago Calatrava)
BULLET::::- Ralph Adams Cram
BULLET::::- Pierre de Meuron
BULLET::::- Willem Marinus Dudok
BULLET::::- Peter Eisenman
BULLET::::- ஆர்தர் எரிக்சன் (Arthur Erickson)
BULLET::::- Sverre Fehn
BULLET::::- நார்மன் பாஸ்டர் (Norman Foster)
BULLET::::- பக்மின்ஸ்டர் புல்லர் (Buckminster Fuller)
BULLET::::- அண்டோனியோ கௌடி (Antonio Gaudi)
BULLET::::- பிராங்க் கெரி (Frank Gehry)
BULLET::::- Cass Gilbert
BULLET::::- மைக்கேல் கிறேவ்ஸ் (Michael Graves)
BULLET::::- வால்டர் பர்லி கிறிபின் (Walter Burley Griffin)
BULLET::::- வால்டர் குறோப்பியஸ் (Walter Gropius)
BULLET::::- வலஸ் ஹரிசன் (Wallace Harrison)
BULLET::::- Jacques Herzog
BULLET::::- சார்ல்ஸ் ஹோல்டன் (Charles Holden)
BULLET::::- Hans Hollein
BULLET::::- ரேமண்ட் ஹூட் (Raymond Hood)
BULLET::::- Arata Isozaki
BULLET::::- ஆர்னே ஜகொப்சன் (Arne Jacobsen)
BULLET::::- Helmut Jahn
BULLET::::- பிலிப் ஜான்சன் (Philip Johnson)
BULLET::::- லூயிஸ் கான் (Louis Kahn)
BULLET::::- கென்ஸோ டாங்கே (Kenzo Tange)
BULLET::::- Hans Kolhoff
BULLET::::- Rem Koolhaas
BULLET::::- Leon Krier
BULLET::::- Kisho Kurokawa
BULLET::::- லெ கொபூசியே (Le Corbusier)
BULLET::::- மாயா லின் (Maya Lin)
BULLET::::- அடொல்ப் லூஸ் (Adolf Loos)
BULLET::::- Edwin Lutyens
BULLET::::- Fumihiko Maki
BULLET::::- சார்ல்ஸ் ரெனி மக்கின்டோஷ் (Charles Rennie Mackintosh)
BULLET::::- Robert Mallet-Stevens
BULLET::::- McKim, Mead, and White
BULLET::::- ரிச்சர்ட் மீயர் (Richard Meier)
BULLET::::- லுட்விக் மீஸ் வான் டெர் ரோLudwig Mies van der Rohe
BULLET::::- Giovanni Michelucci
BULLET::::- Samuel -Sambo- Mockbee
BULLET::::- ராபேல் மோனியோ (Rafael Moneo)
BULLET::::- சார்ல்ஸ் மூர் (Charles Moore)
BULLET::::- ஜூலியா மோர்கன் (Julia Morgan)
BULLET::::- வில்லியம் மொறிஸ் (William Morris)
BULLET::::- Glenn Murcutt
BULLET::::- ரிச்சர்ட் நியூட்ரா (Richard Neutra)
BULLET::::- ஒஸ்கார் நிமேயர் (Oscar Niemeyer)
BULLET::::- ஒஸ்கார் நிற்ஸ்கே (Oscar Nitzchke)
BULLET::::- Nouvel Jean
BULLET::::- J.J.P.Oud
BULLET::::- ஐ.எம்.பே (I. M. Pei)
BULLET::::- ரென்ஸோ பியானோ (Renzo Piano)
BULLET::::- கியோ பொண்டி (Gio Ponti)
BULLET::::- ஜோன் போர்ட்மன்John Portman
BULLET::::- Christian de Portzamparc
BULLET::::- ரால்ப் ரப்சன் (Ralph Rapson)
BULLET::::- ஸ்டீன் எய்லெர் ராஸ்முசென் (Steen Eiler Rasmussen)
BULLET::::- Gerrit Rietveld
BULLET::::- கெவின் ரோச் (Kevin Roche)
BULLET::::- ரிச்சர்ட் ரோஜர்ஸ் (Richard Rogers)
BULLET::::- அல்டோ ரொஸ்ஸி (Aldo Rossi)
BULLET::::- போல் ருடொல்ப் (Paul Rudolf)
BULLET::::- ஈரோ சாரினென் (Eero Saarinen)
BULLET::::- எலியெல் சாரினென் (Eliel Saarinen)
BULLET::::- Moshe Safdie
BULLET::::- கர்லோ ஸ்கார்ப்பா (Carlo Scarpa)
BULLET::::- Paul Schmitthenner
BULLET::::- Margarete Schütte-Lihotzky
BULLET::::- கைல்ஸ் கில்பர்ட் ஸ்கொட் (Giles Gilbert Scott)
BULLET::::- ஹரி சீட்லெர் (Harry Seidler)
BULLET::::- Shreeve, Lamb, and Harmon
BULLET::::- அல்வாரோ சிஸா (Alvaro Siza)
BULLET::::- Skidmore, Owings, and Merrill
BULLET::::- பவோலோ சோலேரி (Paolo Soleri)
BULLET::::- அல்பர்ட் ஸ்பியர் (Albert Speer)
BULLET::::- James Stirling
BULLET::::- Edward Durrell Stone
BULLET::::- கென்சோ டாங்கே (Kenzo Tange)
BULLET::::- Bruno Taut
BULLET::::- பெர்ணார்ட் சூமி (Bernard Tschumi)
BULLET::::- ஜோர்ன் அட்சன் (Jørn Utzon)
BULLET::::- வில்லியம் வான் அலன் (William van Alen)
BULLET::::- Aldo van Eyck
BULLET::::- ராபர்ட் வெஞ்சூரி (Robert Venturi)
BULLET::::- ஜன் வில்ஸ் (Jan Wils)
BULLET::::- பிரான்க் லாய்டு ரைட் (Frank Lloyd Wright)
BULLET::::- மினோரு யமசாகி (Minoru Yamasaki)

BULLET::::- Richard Nash Gould
BULLET::::- Steven Holl
BULLET::::- Daniel Libeskind
",குறிப்பிடத்தக்க கட்டிடக்கலைஞர்களின் பட்டியல்,https://ta.wikipedia.org/wiki?curid=17,கட்டிடக்கலை,1
43444,"['புவியியல்', 'புவி அறிவியல்']",18,"புவியியல்

புவியியல் என்பது புவி, அங்குள்ள நிலம், பல்வேறு அம்சங்கள், அதிலுள்ள உயிர் வகைகள் மற்றும் தோற்றப்பாடுகள் என்பவற்றை விளக்கும் ஒரு துறையாகும். இச்சொல்லை நேரடியாக மொழி பெயர்க்கும்போது அது புவியைப்பற்றி விளக்குவது அல்லது எழுதுவது என்பதைக் குறிக்கும். புவியியல் ஆய்வில் வரலாற்று ரீதியாக நான்கு மரபுகள் காணப்படுகின்றன. இவை, 

BULLET::::1. இயற்கை மற்றும் மனிதத் தோற்றப்பாடுகள் தொடர்பிலான இடம்சார் பகுப்பாய்வு, இது பரம்பல் அடிப்படையிலான புவியியல் ஆய்வு;
BULLET::::2. நிலப்பரப்பு ஆய்வு, இது இடங்களும், நிலப்பகுதிகளும் தொடர்பானது;
BULLET::::3. மனிதனுக்கும், நிலத்துக்குமான தொடர்பு பற்றிய ஆய்வு;
BULLET::::4. புவி அறிவியல்கள் தொடர்பான ஆய்வு; என்பனவாகும்.

ஆனால், தற்காலப் புவியியல், எல்லாவற்றையும் ஒருங்கே தழுவிய ஒரு துறை. இது புவியையும் அதிலுள்ள எல்லா மனித மற்றும் இயற்கைச் சிக்கல்களையும் புரிந்துகொள்ள முயல்கிறது. எங்கெங்கே பொருள்கள் இருக்கின்றன என்பதை மட்டுமன்றி, அவை எவ்வாறு மாறுகின்றன, எப்படித் தற்போதைய நிலையை அடைந்தன என்பவற்றை அறிவது தற்காலப் புவியியலின் நோக்கமாகும். மனிதனுக்கும், இயற்பு அறிவியலுக்கும் இடையே உள்ள தொடர்பாக அமைவதால், புவியியல் துறையானது, மானிடப் புவியியல், இயற்கைப் புவியியல் (""physical geography"") என இரு பிரிவுகளாகப் பிரிக்கப்பட்டுள்ளது.

முன்னர் புவியியலாளர்களை, நிலப்பட வரைவாளர்களைப் போலவும், இடப்பெயர்களையும் அவற்றின் எண்ணிக்கைகளையும் ஆய்வு செய்பவர்களைப் போலவுமே மக்கள் நோக்கி வந்தனர். பல புவியியலாளர்கள், புவிப்பரப்பியல், நிலப்பட வரைவியல் போன்ற துறைகளில் பயிற்சி பெற்றிருப்பினும், அவர்களின் முதன்மையான பணி அதுவல்ல. புவியியலாளர்கள், தோற்றப்பாடுகள், செயல்முறைகள், அம்சங்கள், மனிதனுக்கும் அவனது சூழலுக்கும் இடையிலான தொடர்புகள் என்பவற்றின் இடம் சார்ந்தனவும், உலகியல் சார்ந்தனவுமான பரம்பல்கள் குறித்து ஆராய்கிறார்கள். வெளியும், இடமும்; பொருளியல், உடல்நலம், காலநிலை, தாவரங்கள், விலங்குகள் என்பவற்றின் மீது தாக்கங்களைக் கொண்டிருப்பதால், புவியியல் ஒரு ப்லதுறைத் தொடர்பு கொண்ட துறையாக உள்ளது.

புவியியலின் இரண்டு பிரிவுகளுள், மானிடப் புவியியல், பெரும்பாலும் கட்டிடச் சூழல் பற்றியும்; அவற்றை எவ்வாறு மனிதர்கள் உருவாக்குகிறார்கள், நோக்குகிறார்கள், மேலாண்மை செய்கிறார்கள், அவற்றின் மீது செல்வாக்குச் செலுத்துகிறார்கள் என்பது பற்றியும் ஆய்வு செய்கிறது. இரண்டாவது வகையான இயற்கைப் புவியியல், காலநிலை, தாவரவகை, பிற உயிர்வகைகள், நில அமைப்பு என்பன எவ்வாறு உருவாகின்றன, எத்தகைய தொடர்புகளை அவற்றுள் கொண்டுள்ளன என்பவற்றை உள்ளடக்கிய இயற்கைச் சூழல் குறித்து ஆய்வு செய்கிறது.

இயற்கைப் புவியியல், புவியியலை புவி பற்றிய அறிவியல் என்ற வகையிலேயே நோக்குகிறது. இது பூமியின் தளக்கோலம் (""layout""), கற்கோளம் (""lithosphere""), நீர்க்கோளம் (""hydrosphere""), வளிமண்டலம், மேலோட்டுக் கோளம் (pedosphere), அதன் காலநிலை மற்றும் தாவர விலங்கினத் தொகுதிகள் பற்றிப் புரிந்து கொள்ள முயல்கிறது. இயற்கைப் புவியியலைப் பின்வரும் பெரும் பிரிவுகளாகப் பிரிக்கலாம்.

BULLET::::- நிலவியல் (""Geology"")
BULLET::::- நில உருவாக்கவியல் (""Geomorphology"")
BULLET::::- நீர்வள இயல் (""Hydrology"")
BULLET::::- பனியாற்றியல் (""Glaciology"")
BULLET::::- உயிரினப் புவியியல் (""Biogeography"")
BULLET::::- காலநிலையியல்
BULLET::::- மண்ணியல் (""Pedology"")
BULLET::::- புவி உருவவியல் (""Geodesy"")
BULLET::::- தொல்புவியியல் (""Palaeogeography"")
BULLET::::- சூழற் புவியியலும் மேலாண்மையும்
BULLET::::- நிலத்தோற்ற வாழ்சூழலியல் (""Landscape ecology"")

மானிடப் புவியியல் என்பது புவியியலிலிருந்து கிளைத்த ஒரு துறையாகும். இது மனிதனுக்கும், பல்வேறுவகையான சூழல்களுக்கும் இடையிலான தொடர்புகளை உருவாக்குகின்ற வடிவுருக்களையும் (""patterns""), வழிமுறைகளையும் பற்றி ஆராய்வதை இலக்காகக் கொண்டுள்ளது. இதன் ஆய்வுப் பரப்பு, மனிதன், அரசியல், பண்பாடு, சமூகம் மற்றும் பொருளாதார அம்சங்களை உள்ளடக்கியுள்ளது. மானிடப் புவியியலின் முக்கிய இலக்கு புவியின் இயல் நிலத்தோற்றமாக (""physical landscape"") இல்லாதிருப்பினும், மனிதச் செயற்பாடுகள் யாவும் இயல் நிலத்தோற்றப் பின்னணியிலேயே நடைபெறுவதால், இதன் தொடர்பின்றி மானிடப் புவியியலை ஆராய முடியாது. சூழற் புவியியல் இவ்விரு துறைகளுக்கும் இடையிலான இணைப்புப் பாலமாக உருவாகி வருகிறது.

மானிடப் புவியியல் பின்வரும் பிரிவுகளாகப் பிரிக்கப்படலாம்.

BULLET::::- பொருளாதாரப் புவியியல் (""Economic geography"")
BULLET::::- வளர்ச்சிப் புவியியல் (Development geography)
BULLET::::- மக்கள் தொகைப் புவியியல் அல்லது மக்கட் பரம்பல் (""Population geography or Demography"")
BULLET::::- நகரப் புவியியல் (""Urban geography"")
BULLET::::- சமூகப் புவியியல் (""Social geography"")
BULLET::::- நடத்தைப் புவியியல் (""Behavioral geography"")
BULLET::::- பண்பாட்டுப் புவியியல் (""Cultural geography"")
BULLET::::- அரசியற் புவியியல் (""Political geography"") புவிசார் அரசியலும் (""Geopolitics"") அடங்கலாக.
BULLET::::- வரலாற்றுப் புவியியல் (""Historical geography"")
BULLET::::- பிரதேசப் புவியியல் (""Regional geography"")
BULLET::::- சுற்றுலாப் புவியியல் (""Tourism geography"")
BULLET::::- உத்திசார் புவியியல் (""Strategic geography"")
BULLET::::- பாதுகாப்புப் புவியியல் (""Military geography"")
BULLET::::- பெண்ணியப் புவியியல் (""Feminist geography"")

மானிடப் புவியியலின் துணைப்பிரிவுகள் பலவற்றுக்கும் இடையிலான வேறுபாடுகள் பொதுவாகத் தெளிவற்ற நிலையிலேயே இருப்பதால் மேலே தரப்பட்டுள்ள பட்டியல் ஒரு முடிவான பட்டியல் அல்ல என்பதைக் கருத்தில் கொள்ளவும்.

சூழற் புவியியல், புவியியலின் ஒரு கிளைத் துறை. இது மனிதருக்கும், இயற்கை உலகுக்கும் இடையிலான தொடர்புகளின் இடம் சார்ந்த அம்சங்களையும், சூழலை எவ்வாறு மனிதர் கருத்துருவாக்கம் செய்கிறார்கள் என்பதையும் விளக்குகிறது. மானிடப் புவியியலும், இயற்கைப் புவியியலும் கூடிய அளவில் சிறப்பாக்கம் பெற்று வருவதன் விளைவாக, இவ்விரண்டுக்கும் இடையிலான ஒரு இணைப்புப் பாலமாக, சூழற் புவியியல் உருவாகியுள்ளது. மேலும், சூழலுடனான மனிதரின் தொடர்புகள், உலகமயமாதல், தொழில்நுட்ப மாற்றங்கள் போன்றவற்றால் மாற்றம்பெற்று வருவதனால், இந்த மாறுகின்றதும் இயங்குதன்மை கொண்டதுமான தொடர்புகளை விளங்கிக் கொள்வதற்கு புதிய அணுகுமுறையும் தேவைப்பட்டது. பேரழிவு மேலாண்மை (""disaster management""), சூழல் மேலாண்மை, தாங்குதிறன் (""sustainability""), அரசியல் சூழலியல் (""political ecology"") என்பன சூழற் புவியியலின் கீழ் அடங்கும் ஆய்வுப் பரப்புகள் ஆகும்.

புவித்தகவற்கணியவியல் (""Geomatics"") என்பதும் புவியியலின் ஒரு கிளைத்துறை. 1950களின் நடுப்பகுதியில், புவியியலில் கணியப் புரட்சி ஏற்பட்டதிலிருந்து, இத்துறை உருவானது. நிலப்படவரைவியல், நிலவுருவவியல் ஆகிய துறைகளில் பொதுவாகப் புழங்கும் நுட்பங்களையும், அவற்றைக் கணினியில் பயன்படுத்தும் முறைகளையுமே புவித்தகவற்கணியவியல் பயன்படுத்துகின்றது. புவியியல் தகவல் முறைமை, தொலையுணர்தல் போன்ற நுட்பங்களைப் பிற துறைகளும் பயன்படுத்துவதனால் புவித்தகவற்கணியவியல் இன்று ஒரு பரந்துபட்ட துறையாக மாறியுள்ளது. இத்துறை, நிலப்படவரைவியல், புவியியல் தகவல் முறைமை, தொலையுணர்தல், விண்கோள் நில அளவை முறைமை (""Global positioning systems"") போன்ற இடஞ்சார் பகுப்பாய்வுகளுடன் கூடிய பலவகை அம்சங்களை உள்ளடக்கியுள்ளது.

மண்டலப் புவியியல் (""Regional geography""), புவியியலின் ஒரு கிளைத்துறை. இது புவியில் உள்ள எல்லா அலவிலான மண்டலங்களையும் பற்றி ஆய்வு செய்கிறது. இது விளக்கும் இயல்பு கொண்ட ஒரு துறை. இதன் முக்கிய குறிக்கோள், ஒரு மண்டலத்தின், இயற்கை மற்றும் மனிதக் கூறுகள் உட்பட்ட, இயல்புகளை அல்லது சிறப்புத்தன்மையைப் புரிந்துகொள்வது அல்லது வரையறுப்பது ஆகும். பகுதிகளை மண்டலங்களாகப் பிரித்து எல்லை வகுப்பதற்கான முறையான நுட்பங்களைத்தன்னுள் அடக்கும் மண்டலமயமாதல் (""regionalization"") குறித்தும் இது கவனம் செலுத்துகின்றது. மண்டலப் புவியியல், புவி அறிவியல் ஆய்வுகளில் ஒரு அணுகுமுறையாகவும் கருதப்படுகின்றது.

BULLET::::- நகரத் திட்டமிடல், மண்டலத் திட்டமிடல், இடஞ்சார் திட்டமிடல் ஆகிய துறைகள், புவியியல் அறிவைப் பயன்படுத்துகின்றன. பாதுகாப்பு, அழகு, பொருளியல் வாய்ப்புக்கள், கட்டிட அல்லது இயற்கைப் பாரம்பரியங்களைக் காத்தல் போன்றவை தொடர்பிலான நோக்கங்களை அடைவதற்காக ஒரு குறிப்பிட்ட பகுதியை எவ்வாறு திருத்தியமைக்கலாம் அல்லது திருத்தாமல் விடலாம் போன்ற விடயங்களைப் புவியியல் அறிவு கொண்டு முடிவு செய்யலாம். நகரங்கள், பெருநகரங்கள், நாட்டுப்புறப் பகுதிகள் ஆகியவற்றைத் திட்டமிடுவதைப் பயன்பாட்டுப் புவியியலாகப் பார்க்க முடியும்.
BULLET::::- மண்டல அறிவியல்: 1950ல் வால்ட்டர் இசார்ட் என்பவரால் வழிநடத்தப்பட்ட மண்டல அறிவியல் இயக்கம், புவியியல் பிரச்சினைகளுக்குக் கணிய மற்றும் பகுப்பாய்வு அடிப்படைகளை வழங்குவதற்காக உருவானது. இது மரபுவழியான புவியியல் திட்டங்களின் விளக்கும் போக்கிலிருந்து மாறுபடுகின்றது. மண்டல அறிவியலானது, இடஞ்சார் நோக்கை முக்கியமாகக் கொண்ட, மண்டலப் பொருளியல், வள மேலாண்மை, அமைவிடக் கோட்பாடு, நகர மற்றும் மண்டலத் திட்டமிடல், தகவல் தொடர்பு, மானிடப் புவியியல், மக்கள்தொகைப் பரம்பல், நிலத்தோற்றச் சூழலியல், சூழல் தரம் அறிவுத் தொகுதிகளை உள்ளடக்கியது.

புவியியல் பொதுவாகப் புவி தொடர்பானதே ஆனாலும், சூரியக் குடும்பத்தில் உள்ள கோள்களைப் போன்ற பிற கோள்களை ஆய்வு செய்வதற்கும் இதனைப் பயன்படுத்த முடியும். புவியைக் காட்டிலும் பெரிய தொகுதிகள் பற்றிய ஆய்வு பொதுவாக வானியல், அண்டவியல் ஆகிய துறைகளுக்கு உட்பட்டது. பிற கோள்களை ஆயும் துறை கோளியல் (""planetology"") எனப்படும்.

மிலேட்டஸ் என்னுமிடத்தைச் சேர்ந்த அனக்சிமாண்டர் (கிமு 610 - கிமு 545) என்பவரே புவியியல் துறையை நிறுவியவர் என பிற்காலக் கிரேக்க அறிஞர்கள் குறிப்பிட்டுள்ளனர். இவருடைய எண்ணங்கள் பற்றிப் பிற நூல்களில் குறிப்பிட்டிருப்பது தவிர இவரது ஆக்கங்கள் எதுவும் கிடைக்கவில்லை. தொடக்ககாலத்தில் நிலநேர்க்கோட்டை அளப்பதற்குக் கிரேக்கர்கள் பயன்படுத்திய, எளிமையான ஆனால் செயற்றிறன் கொண்ட கருவியைக் கண்டுபிடித்தவரும், கிரகணங்களை எதிர்வு கூறுவதற்கான வழிமுறையை வகுத்தவரும் இவரே என்று கருதப்படுகிறது. புவியியலுக்கான அடிப்படைகளைப் பல பண்டைக்காலப் பண்பாடுகளில் காண முடியும். பண்டைய, இடைக்கால, தற்காலத் தொடக்கம் ஆகிய காலப்பகுதிகளுக்குரிய சீனப் பண்பாட்டில் இதற்கான சான்றுகள் உள்ளன.

புவியியலை ஒரு அறிவியலாகவும், தத்துவமாகவும் கருதி முதன்முதலில் ஆராய்ந்தவர்கள் கிரேக்கர் ஆவர். இவர்கள் இதனை, நிலப்படவரைவியல், மெய்யியல், இலக்கியம், கணிதம் போன்ற துறைகளூடாகச் செய்தனர். புவி கோள வடிவானது என்பதைக் கண்டு பிடித்தது யார் என்பதில் கருத்து வேறுபாடு உள்ளது. இது, பாராமெனிட்ஸ் (""Parmenides"") அல்லது ஆக்கிமிடீசாக இருக்கலாம் என்கின்றனர். அனக்சாகோரஸ் என்பவர் கிரகணங்களைச் சான்றாகக் கொண்டு புவி வட்டமான விளிம்புத் தோற்றம் கொண்டது என விளக்கினார். எனினும் அவர், அவர் காலத்தின் பல அறிஞர்களைப் போலவே புவி ஒரு வட்டமான தட்டுப் போன்றது என நம்பினார்.

புதிய நாடுகளைத் தேடிப்போன ரோமர்கள் புவியியல் ஆய்வில் புதிய நுட்பங்களைப் புகுத்தினார்கள். மத்திய காலங்களில், இத்ரிசி, இபின் பட்டுடா, இபின் கால்டுன் போன்ற அராபியர்களும் கிரேக்க மற்றும் ரோமன் நுட்பங்களைப் பயன்படுத்தியதோடு அவற்றை மேலும் விருத்தி செய்தனர்.

மார்க்கோ போலோவின் பயணங்களைத் தொடர்ந்து புவியியல் பற்றிய ஆர்வம் ஐரோப்பா எங்கும் பரவியது. 16 ஆம் மற்றும் 17 ஆம் நூற்றாண்டுகளின் புகழ் பெற்ற நாடுகாண் கடற் பயணங்கள் அச்சொட்டான புவியியல் விபரங்களையும், புவியியல் சார்பான கோட்பாட்டு அடிப்படைகளையும் பெற்றுக்கொள்வதில் புதிய ஆர்வத்தை உருவாக்கின. இக்காலப்பகுதி பெரிய புவியியற் கண்டுபிடிப்புக்களுக்கான காலப்பகுதியாகவும் அறியப்படுகின்றது. 18 ஆம் நூற்றாண்டில் புவியியல் ஒரு தனித் துறையாக அங்கீகாரம் பெற்றிருந்ததுடன், ஐரோப்பாவின் பல்கலைக் கழகங்களின் பாடத்திட்டங்களிலும் இடம் பெற்றிருந்தது. கடந்த இரண்டு நூற்றாண்டுகளில் புவியியல் அறிவின் அளவு பலமடங்காக விரிவடைந்துள்ளது. புவியியலுக்கும், நிலவியல், தாவரவியல் ஆகிய அறிவியல் துறைகளுடனும், பொருளியல், சமூகவியல், மக்கட்தொகைப் பரம்பல் ஆகியவற்றுடனும் பிணைப்புகள் உருவாகி வலுப்பெற்றுள்ளன. மேற்கு நாடுகளில் 20 ஆம் நூற்றாண்டில், புவியியல் துறை நான்கு கட்டங்களைக் கடந்து வந்துள்ளது. இவை சூழல் அறுதிப்பாட்டியம் (""environmental determinism""), பிரதேசப் புவியியல் (""regional geography""), கணியப் புரட்சி (""quantitative revolution""), மற்றும் ""critical geography"" என்பனவாகும்.

இடஞ்சார் ஊடு தொடர்புகள் புவியியலுக்கு முக்கியமான அம்சங்களாக இருப்பதால், நிலப்படங்கள் (""maps"") இத்துறைக்கு இன்றியமையாத கருவிகளாக அமைந்துள்ளன. இத்துறையில் நீண்ட காலமாக வழக்கிலிருந்துவரும் நிலப்பட வரைவியலுடன், நவீன புவியியல் பகுப்பாய்வுக்கு உதவியாகக் கணினி சார்ந்த புவியியற் தகவல் முறைமையும் (""geographic information systems"" (GIS)) இணைந்து கொண்டுள்ளது.

BULLET::::- ""நிலப்பட வரைவியல்"":
BULLET::::- ""புவியியற் தகவல் முறைமைகள்"" என்பது தேவையின் நோக்கத்துக்கு உகந்த வகையில், அச்சொட்டான (""accurate"") முறையில், கணினிமூலம் தன்னியக்கமாகப் பெற்றுக்கொள்ளும் வகையில் புவி பற்றிய தகவல்களைச் சேமிப்பது தொடர்பானது. புவியியலின் எல்லாத் துணைத் துறைகளையும் அறிந்திருப்பதோடு, கணினி அறிவியல் மற்றும் தரவுத்தள முறைமைகள் பற்றியும் ஒரு புவியியற் தகவல் முறைமைகள் நிபுணர் அறிந்திருக்க வேண்டும். புவியியற் தகவல் முறைமைகள் நிலப்பட வரைவியல் துறையில் புரட்சிகரமான மாற்றங்களை உண்டாக்கியுள்ளன. இன்று ஏறத்தாள எல்லா நிலப்பட ஆக்க முயற்சிகளுமே ஏதாவதொரு புவியியற் தகவல் முறைமைகள் மென்பொருள் மூலமே செய்யப்படுகின்றன.

தமிழகத்தில் புவியியல், வரைபடம், நேரம் கணக்கீடு தொடர்பான பாடங்களை புதிய முறையில் 35 லட்சம் மாணவர்களுக்குக் கற்பிக்க மாநிலக் கல்வியியல் ஆராய்ச்சி மற்றும் பயிற்சி நிறுவனம் திட்டமிட்டது. இந்த புதுமுறைக் கல்விமுறை மூலம் கற்ற மாணவர்கள் தாங்களாகவே தங்கள் அமைவிடத்திற்கும் வெளிநாடுகளுக்கும் உள்ள நேர வித்தியாசத்தைக் கணக்கிட முடியும்.

BULLET::::- தமிழில் கல்வி இணையம் - புவியியல்
BULLET::::- உலக நாடுகளின் பட்டியல்
",புவியியல்,https://ta.wikipedia.org/wiki?curid=18,புவியியல்,1
43445,"['நாடுகள்', 'நாடுகள் தொடர்பான பட்டியல்கள்']",19,"உலக நாடுகள் பட்டியல் (அகர வரிசையில்)

இது உலக நாடுகளின் ஒரு அகரமுதற் பட்டியலாகும். நீங்கள் நாடுகளை தலைநகரம்வாரியாகவோ, கண்டங்கள் வாரியாகவோ, மக்கள்தொகை வாரியாகவோ, பரப்பளவு வாரியாகவோ, மக்கள்தொகை அடர்த்தி வாரியாகவோ, நேர வலயம் வாரியாகவோ கூட உலவலாம்.

மேலதிக மூலங்களுக்கு புவியியல் குறிப்புகளைப் பார்க்கவும்.

<table border=1 cellpadding=1 cellspacing=0 style=""float: right; border-collapse: collapse;"">
இங்கு பட்டியலிடப்பட்டுள்ள நாடுகளின் நிலைமை / இறைமை பற்றிய விபரங்கள்.

BULLET::::- சீனக் குடியரசு(தாய்வான்): Political status of Taiwan பார்க்கவும்.
BULLET::::- குக் தீவுகளும் நியூவும்: நியூசிலாந்துடனான ஒரு free கூட்டு (association); Niue Constitution Act 1974 (NZ) ஐயும் பார்க்கவும்.
BULLET::::- பலஸ்தீனம்: ""பலத்தீன் நாடு"" 1988 ஆம் ஆண்டு பிரகடனப்படுத்தப்பட்டுப் பல அரபு மற்றும் முஸ்லிம் நாடுகளால் அங்கீகரிக்கப்பட்டுள்ளது. proposals for a Palestinian state ஐயும் Palestinian territories ஐயும் பார்க்கவும். காஸா Strip, மேற்குக் கரை, இஸ்ரேல் என்பவற்றுக்குப்பலஸ்தீனப் பிரதேசம் தொடர்பில் கட்டுரைகள் உள்ளன.
BULLET::::- வத்திக்கான்: Holy See பார்க்கவும்.
BULLET::::- மேற்கு சஹாரா: Politics of Western Sahara பார்க்கவும்.
BULLET::::- மசிடோனியக் குடியரசு: ""முன்னாள் யூகோஸ்லாவியாவின் மசிடோனியக் குடியரசாக"" அனைத்துலக அளவில் பரிச்சயமானது. **http://www.un.org/documents/ga/res/47/a47r225.htm ஐப் பார்க்கவும்.

BULLET::::- ஐ.எசு.ஓ 3166-1
BULLET::::- இறைமையுள்ள நாடு
BULLET::::- உலக நாடுகள் பட்டியல் (கண்டங்கள் வாரியாக)
BULLET::::- பன்னாட்டுத் தலைநகரங்களின் பட்டியல்
BULLET::::- உலக நாடுகளின் மரபுச் சின்னங்கள்
BULLET::::- ஏற்கப்படாத நாடுகள்
BULLET::::- சார்பு மண்டலம்
",உலக நாடுகள் பட்டியல் (அகர வரிசையில்),https://ta.wikipedia.org/wiki?curid=19,புவியியல்,1
43446,"['நாடுகாண் பயணிகள்', 'இத்தாலியர்', '1451 பிறப்புகள்', '1506 இறப்புகள்']",21,"கிறித்தோபர் கொலம்பசு

கிறித்தோபர் கொலம்பசு (""Christopher Columbus"") (1451–1506) இத்தாலிய நாடுகாண் பயணியும் வணிகரும் காலனித்துவவாதியும் ஆவார். இவர் 1492-இல் அட்லாண்டிக் கடலைக் கடந்து அமெரிக்காவை (எசுப்பானியா நாட்டுக் கொடியுடன்) வந்தடைந்த முதல் ஐரோப்பியர் ஆவார். அவர் இத்தாலியின் செனோவா என்ற குடியரசைச் சேர்ந்தவர் என்று கருதப்படுகிறது.

எசுப்பானியப் பேரரசின் கத்தோலிக்க பேரரசர்களின் ஆட்சியில் கொலம்பசு நான்கு கடற்பயணங்களை அத்திலாந்திக்கு பெருங்கடலைக் கடந்து மேற்கொண்டுள்ளார். இந்தக் கடற்பயணங்களும் லா எசுப்பானியோலா தீவில் இவர் நிரந்தரக் குடியேற்றம் அமைக்க மேற்கொண்ட முயற்சிகளும் ""புதிய உலகம்"" என அழைக்கப்பட்ட அமெரிக்காக்களில் எசுப்பானிய குடியேற்றத்தைத் துவக்கின.

புதிய வணிக வழிகளைக் கண்டறிந்து குடியேற்றங்களை ஏற்படுத்த வேண்டும் என்ற மேற்கத்திய பேரரசுவாத போக்கு மற்றும் ஐரோப்பிய இராச்சியங்களிடையேயான பொருளியல்நிலை போட்டியில் கிழக்கத்திய இந்தியாவை எட்ட கொலம்பசு மேற்கில் பயணித்து உலகைச் சுற்றி இந்தியாவை அடைய முன்மொழிந்தார். இதற்கு எசுப்பானிய அரசரின் ஆதரவைப் பெற்ற கொலம்பசு 1492இல் மேற்கில் பயணித்து புதிய உலகத்தை கண்டறிந்தார். பகாமாசு தீவுக்கூட்டங்களில் தாம் பின்னர் ""சான் சால்வதோர்"" எனப் பெயரிட்ட தீவில் வந்திறங்கினார். மேலும் மேற்கொண்ட மூன்று கடற்பயணங்களில் கொலம்பசு பெரிய மற்றும் சிறிய அண்டிலிசு தீவுகளையும் வெனிசுவேலா, நடு அமெரிக்காவின் கரிபியக் கடலோரப் பகுதிகளையும் கண்டறிந்து அவற்றை எசுப்பானியப் பேரரசுக்கு உரியதாக உரிமை கோரினார்.

கொலம்பசு அமெரிக்காவை அடைந்த முதல் ஐரோப்பியரல்லர்; 11வது நூற்றாண்டிலேயே லீப் எரிக்சன் தலைமையேற்ற நோர்சு குழு வட அமெரிக்காவில் இறங்கியுள்ளது.) இருப்பினும் இவரது கடற்பயணங்களே அமெரிக்காக்களுடனான ஐரோப்பாவின் முதல் நிரந்தர தொடர்பை ஏற்படுத்தியது; இவற்றை அடுத்தே பல நூற்றாண்டுகளுக்கு ஐரோப்பியர்களின் நாடுகாணுதல், கைப்பற்றுதல், குடியேற்றவாதம் தொடர்ந்தன. எனவே இவரது கண்டறிதல் தற்கால மேற்கத்திய உலகின் வரலாற்றில் பெரும் தாக்கத்தை ஏற்படுத்திய நிகழ்வாக அமைந்தது.

இதுவரை ஐரோப்பியர்கள் கண்டறியாத புதிய கண்டத்தை வந்தடைந்துள்ளோம் என்பதை ஏற்றுக்கொள்ளாத கொலம்பசு இங்கு வாழ்ந்திருந்த மக்களை ""இன்டியோசு"" (""இந்தியர்களுக்கான"" எசுப்பானியச் சொல்) என்றே அழைத்தார். அமெரிக்காவில் குடியேற்றப்பகுதிகளுக்கு நிர்வாக அதிகாரிகளை நியமித்தது தொடர்பான எசுப்பானிய பேரரசருடனான பிணக்கு காரணமாக 1500இல் லா எசுப்பானியோலாவின் ஆளுநர் பதவியிலிருந்து நீக்கப்பட்டு கைது செய்யப்பட்டார். பின்னால் நீண்ட வழக்காடலுக்குப் பின்னர் கொலம்பசும் அவரது வாரிசுகளும் கோரிய உரிமைகள் அவர்களுக்கு வழங்கப்பட்டன.

கொலம்பசு ஆசியாவிற்கு, குறிப்பாக இந்தியாவிற்கு புதிய வழியைக் கண்டுபிடிக்க முயன்று, கடைசியில் அவர் அடைந்தது இந்தியா என்றே நம்பினார்.

கொலம்பசு அமெரிக்காவைக் கண்டுபிடித்தவராகக் கருதப்படுகின்றார். அவருடைய கடுமையான ஈடுபாட்டின் காரணமாக அமெரிக்காவைப் பற்றி ஐரோப்பா தெரிந்து கொள்ள வழிவகுத்தது. அத்தோடு இன்றைக்கு பல்வேறு கண்டங்களின் உறவிற்கும் அவருடைய கண்டுபிடிப்பே காரணமாகும்.

உண்மையாக கொலம்பசு அமெரிக்காவை அடைந்த முதல் மனிதர் இல்லை . ஏனென்றால் அங்கே ஏற்கனவே மக்கள் வாழ்ந்து வந்தனர் என்பதை அவர் கண்டறிந்தார். முதல் ஐரோப்பியரும் அல்லர். ஏனென்றால் வைக்கிங்கள்,வட ஐரோப்பாவிலிருந்து 11ஆம் நூற்றாண்டிலேயே வட அமெரிக்காவிற்குச் சென்றுள்ளனர். இருந்தாலும், கொலம்பசின் பயணமே ஐரோப்பியர்களின் அமெரிக்கக் குடியேற்றத்திற்கு அடிப்படையாகும். அதுவே உரேசியா மற்றும் ஆப்பிரிக்காவை அமெரிக்காவுடன் இணைத்ததற்கு முக்கிய காரணமாகும்.

கொலம்பசு இத்தாலியின் துறைமுக நகரான ஜெனோவாவில் 1451-ல் பிறந்தார்.
அவருடைய தந்தை டொ மினிகோ கொலம்போ, ஒரு கம்பளித்துணி வியாபாரி. தாய் சுசான்னா போன்டனாரோசா. கொலம்பசிற்கு மூன்று சகோதரர்கள்,ஒரு சகோதரி.

1471-இல் கொலம்பசு எசுபெனோலா ஃபினான்சியர்சு நடத்திய ஒரு கப்பலில் சேர்ந்தார். அவர் கியோஸ் கியோசு (ஏஜியன் கடல்-இல் உள்ள ஒரு தீவு) பகுதியைச் சுற்றி வந்த அக்கப்பலில் ஒரு வருடம் வேலை செய்தார். சில நாட்கள் நாடு திரும்பிய
பின் மறுபடியும் கியோசுப் பகுதியில் மற்றோர் ஆண்டு வேலை செய்தார். இக்கால கட்டத்தில் ஏகயன் துருக்கியர் வசம் இருந்தது(இவர்கள் கான்ஸ்டான்டினோபில்-ஐ மே 29, 1453 இல் கைப்பற்றியிருந்தனர்).

1476-இல் கொலம்பசு ஒரு வணிகப் பயணத்தை அட்லாண்டிக் கடலின் மீது மேற்கொண்டார். இந்தக் கப்பல் கேப் ஆஃப் செயின்ட் வின்சென்ட் இன் பிரெஞ்சு பிரைவெட்டீயெர்ஸ்-ஆல் தாக்கப்பட்டது. கொலம்பஸ் கப்பல் எரிந்து போய் அவர் ஆறு மைல்கள் நீந்திக் கரை சேர்ந்தார்.

1477-இல் கொலம்பசு லிஸ்பன் நகரில் வாழ்ந்தார். போர்த்துக்கல் கடல் தொடர்பான நடத்தைகளுக்கு ஒரு மையமாக இங்கிலாந்து, அயர்லாந்து, ஐசுலாந்து, மடீயெரா, த அசோர்சு, ஆப்பிரிக்காக்குச் செல்லும் கப்பல்களுடன் விளங்கியது. கொலம்பசின் உடன்பிறந்தார் பார்த்தலோமியோ லிசுபனில் ஒரு வரைபடங்களை உருவாக்கும் தொழிலில் ஈடுபட்டிருந்தார். அவ்வமயம் இவ்விரு உடன்பிறந்தவர்களும் வரைபடங்கள் வரைபவர்களாகவும், புத்தகங்களைச் சேமிப்பவர்களாகவும் விளங்கினர்.

கொலம்பசு வணிகக் கடற்பயணியாக போர்ச்சுகீசிய கப்பல்களில் மாறினார். 1477-ல் ஐசுலாந்துக்கும், 1478-இல் மடியெராவிற்கும் சர்க்கரை வாங்கவும், மேற்கு ஆப்பிரிக்க கடலோரங்களுக்கு 1482லும் 1485-இலும், போர்ச்சுகீசிய வணிக எல்லையான ஸாவோ ஜார்ஜ் டா மைனா என்ற கினியாக் கரைக்கும் சென்றார்.

கொலம்பசு பிலிப்பா பெரெசிட்டெல்லோ எ மோனிசு என்ற போர்ச்சுகீசியப் பெண்ணைத் திருமணம் செய்துகொண்டார்(1479-இல்). அவர்களுக்கு தியெகோ என்ற ஒரு மகன் பிறந்தான். பிலிப்பா 1485-இல் காலமானார். கொலம்பசு பின்னர் பீட்ரிஸ் என்ரிகுவெசு என்ற பெண்ணைத் திருமணம் செய்து (1488-இல்) கொண்டார். அவர்களுக்கு பெர்டினான்ட் என்ற மகன் பிறந்தான்.

கொலம்பஸின் தாய் நாடு பற்றிய உறுதியான விவரம் இன்னும் தெரியவில்லை.பொதுவாக அவர் இத்தாலியில் உள்ள ஜெனொவாவைச் சேர்ந்தவர் என்று கருதப்படுகிறார். 1470க்கு முன்னரான கொலம்பஸின் வரலாறு சரியாக அறியப்படவில்லை.தன் வாழ்விலுள்ள ஏதோ ஒரு மர்மத்தைக் காப்பதற்காகவே, தன் தாய் நாடு பற்றிய விவரங்களை ரகசியமாக வைத்திருந்தார் என்று கூறுவோரும் உண்டு.கொலம்பஸ் பிழையற்ற ஸ்பானிய மொழியில் எழுத வல்லவர் என்பது மட்டுமின்றி, அவர் இத்தாலியர்களுக்கு எழுதிய கடிதங்கள் கூட ஸ்பானிய மொழியிலேயே இருந்தன என்பதும் குறிப்பிடத்தக்கது.

தேசிய உணர்வுகளின் எழுச்சிக்குப் பின்னரே,கொலம்பஸின் தாய் நாடு பற்றிய உண்மை விவாதத்திற்குரியதானது; கொலம்பஸ் கண்டுபிடிப்புகளின் ஐநூறாவது ஆண்டுவிழாக் கொண்டாட்டம் 1892ல் நடந்தது; அதுவரை கொலம்பஸின் தாய் நாடு பற்றிய சர்ச்சை இருந்ததில்லை.அவர் ஜெனோவா நாட்டைச் சேர்ந்தவர் என்பது இத்தாலிய அமெரிக்கர்களுக்கு பெருமைக்குரிய விடயமாக இருந்தது. நியூ யார்க் நகரத்தில், எதிரெதிர் இசுப்பானிக்கு மற்றும் இத்தாலிய சமூகக் குழுக்களால் கொலம்பஸின் உருவச் சிலைகள் செய்யப்பட்டு, ""கொலம்பஸ் வட்டம்"" மற்றும் மையப் பூங்கா போன்ற முக்கிய இடங்களில் அவை நிறுவப்பட்டன.

சில பாசுக்கு வரலாற்று ஆய்வாளர்கள் கொலம்பஸ் பாசுக்கைச் சேர்ந்தவர் என்று கூறுகின்றனர். இன்னும் சிலர், அவர் கிறித்தவ சமயத்திற்கு மாறிய எசுப்பானிய யூதர் என்றும், யூத சமயத்தை ரகசியமாக பின்பற்றும் பல எசுப்பானிய யூதர்களைப் போல அவரும் பின்பற்ற எண்ணி தன் தாய் நாடு பற்றிய விவரங்களை மறைத்திருக்கலாம் என்றும் கருதுகின்றனர். வேறு சிலர், அவர் ஜெனொவா ஆட்சியின் கீழ் இருந்த, தேச எதிர்ப்பு நடவடிக்கைகளுக்கு பெயர் போன கோர்சிகா தீவைச் சேர்ந்தவர் என்றும், அதனால் தன் அடையாளத்தை மறைத்திருக்கலாம் என்றும் கருதுகின்றனர். சிலர் அவர் காத்தலோனியா அல்லது கிரீஸ் அல்லது போர்த்துக்கல்-ஐச் சேர்ந்தவர் என்று கூறுகின்றனர்.

1480-இல், கொலம்பசு மேற்காக அட்லாண்டிக் ஊடாக இண்டீசுவிற்கு (குத்து மதிப்பாக தெற்கு மற்றும் கிழக்கு (ஆசியா) ) செல்வதற்கு ஒரு திட்டத்தை வகுத்தார். இது தெற்கு மற்றும் கிழக்கு வழியாக (ஆப்பிரிக்கா) செல்வதைவிட விரைவான வழி என்று அவர் நம்பினார். இத்திட்டத்திற்கு அவர் உதவி பெறுவது மிகக் கடியதாக இருந்ததாகத் தெரிகிறது(ஏனென்றால் அப்போதைய ஐரோப்பியர், புவி தட்டையானது என்று நம்பினர்). ஆனால் அக்காலத்தைய கடற்பயணிகள், வழிகாட்டிகள் புவி உருண்டையானது என்று அறிந்திருந்தனர். இதில் ஒரு சிக்கல் என்னவென்றால் கொலம்பசு இண்டீசிற்கு எவ்வளவு தூரம் என்பதை அறுதியிடாததுதான். பல ஐரோப்பியர் தாலமி-யின் கருத்தான பெரு நிலப்பரப்பு(உரேசியாவும் ஆப்பிரிக்காவும் சேர்ந்து) 180 பாகை புவி அளவையும், மீதம் 180 பாகை நீர் அளவையும் கொண்டதாக நம்பினர். (உண்மையில் இது 120 பாகை நிலப்பகுதி, மீதம் அறியப்படாத பகுதி). கொலம்பசு டி'ஐல்லியின் அளவீடுகளை, அதாவது 225 பாகை நிலம், 135 பாகை நீர் என்பது, ஏற்றுக்கொண்டார். அதிலும் குறிப்பாக கொலம்பசு 1 பாகை என்பது எல்லோராலும் ஒத்துக்கொள்ளப்பட்ட அளவைவிட சற்று குறைவாகவே அவர் எடுத்துக்கொண்டார். கடைசியாக கொலம்பசின் வரைபடம் உரோமன் மைல் அளவில் (5000 அடிகளைக்கொண்டதாக), கடல் மைல் (6,082.66 அடி புவிநடுக்கோட்டுப் பகுதியில்) அளவைவிட இருந்தது. கொலம்பசு கேனரித் தீவுகளிலிருந்து சப்பான் 2,700 மைல்கள் இருப்பதாகத் தீர்மானித்தார். உண்மையில் இத்தொலைவு 13,000 மைல்கள், பெரும்பாலான ஐரோப்பிய கடற்பயணிகளும் வழிகாட்டிகளும் இண்டீசு என்பது தொலைதூரத்தில் இருப்பதாகத் தயங்கி வந்தனர்.

1492க்கும் 1503க்கும் இடையே கொலம்பசு எசுப்பானிவிலிருந்து நான்கு முறை அமெரிக்காக்களுக்கு பயணித்துள்ளார். இந்த நான்கு பயணங்களுக்கும் காசுட்டில் இராச்சியமே புரவலளித்தது. இவை ஐரோப்பியக் கண்டுபிடிப்பு காலத்திற்கும் அமெரிக்கக் கண்டங்களின் குடிமைப்படுத்தலுக்கும் துவக்கமாக அமைந்தன. எனவே இவை மேற்கத்திய வரலாற்றில் குறிப்பிடத்தக்க நிகழ்வுகளாகும்.

சான்றுகள் எதிராக இருந்தபோதிலும் கொலம்பசு எப்போதும் தாம் கண்டறிந்த நிலப்பகுதிகள் மார்க்கோ போலோவாலும் பிற ஐரோப்பிய சுற்றுலாப்பயணிகளாலும் விவரிக்கப்பட்ட ஆசியாவைச் சேர்ந்தவை என்றே உறுதியாக இருந்தார். இந்த மறுப்புதான் புதிய கண்டங்களுக்கு இவர் பெயரை வைக்காது பிளாரென்சின் தேடலாய்வாளர் அமெரிகோ வெஸ்புச்சியின் பெயரை ஒட்டி ""அமெரிக்கா"" என பெயரிட அமைந்த காரணங்களில் ஒன்றாயிற்று.

கொலம்பசு முதலில் தன்னுடைய திட்டத்தை போர்ச்சுக்கல் அரச சபையில் 1485-இல் தெரிவித்தார். ஆனால் அரசரின் நிபுணர்கள் கொலம்பசின் வழி கொலம்பசு நினைப்பதை விடப் பெரியது என நம்பினர். அதனால் அவர்கள் அதற்கு மறுப்பு தெரிவித்தனர். கொலம்பசு பின்னர் எசுப்பானியா அரசவையை நாடினார். ஆனால் பல நாட்கள் அலைக்கழிக்கப்பட்ட பின்னர் 1492-இல் அவர்களுடைய ஒப்புதலைப் பெற்றார். எசுப்பானிய அரசரும் அரசியும்( பெர்டினான்ட் ஆப் ஆரகன், காசிட்டைலின் இசபெல்லா) அப்போது தான் கடைசி முசுலிம் கோட்டையான கிரானாடா-வைக் கைப்பற்றியிருந்தனர். அவர்கள் பயணத்திற்கான செலவை ஏற்றுக்கொள்வதாகத் தெரிவித்தனர். செலவில் பாதியைத் தனியாரிடமிருந்து பெற்றுக்கொள்வதற்கு ஏற்கெனவே கொலம்பசு திட்டம் வகுத்திருந்தார். கொலம்பசு அலைகடலின் தளபதி என்று பட்டம் சூட்டப்பட்டு, புதிதாகக் கண்டுபிடிக்கும் தீவுகளுக்கு அவரே ஆளுநர் என்ற உறுதிமொழியும், வருவாயில் பெரும்பங்கை அவருக்குக் கொடுக்கவும் அரசவை ஒப்புக்கொண்டது.

அவ்வாண்டு ஆகத்து 3 அன்று, கொலம்பசு பாலோசில் இருந்து மூன்று கப்பல்களில் சாண்டா மரியா, நின்யா, பின்டா புறப்பட்டார். முதலில் அவர் கேனரித் தீவுகளை அடைந்தார். அங்கே ஒரு மாதம் தங்கினார். பின்னர் பெரும் பயணத்தைத் துவக்கினார். அவர் தன்னுடைய குறிப்பேடுகளில் தான் பயணித்த தூரத்தை விடக்குறைவான தூரத்தையே பதிவு செய்து தன்னுடைய மாலுமிகளை ஏமாற்றினார். இன்றைக்கும் அவர் முதலில் அடைந்த தீவு எது என்பதில் சர்ச்சை இருந்தாலும், அவர் பகாமாஸ்-இல் ஒரு தீவையே அடைந்திருக்க வேண்டும் என்பது உறுதி. அவர் அக்டோபர் 12, 1492-இல் கரையேறினார்.
அவர் அங்கிருந்த அமெரிக்கப் பழங்குடிகளை எதிர்கொண்டார். அவர்கள் டையனோ அல்லது ஆராவாக், மிகவும் அமைதியானவர்களாகவும், நட்புணர்வுடனும் விளங்கினர்.
அக்டோபர் 14, 1492 குறிப்பில் கொலம்பசு எசுப்பானியாவின் அரசர் பெர்டினான்டு, அரசி இசபெல்லா ஆகியோருக்கு டையாகுட்;நோ பற்றி பின்வருமாறு எழுதினார்.

கொலம்பசு அவருடைய முதல் பயணத்தில், கியூபாவிலும், லா எசுப்பானியோலா விலும் பயணத்திருந்தார்(அக்டோபர் 28-இல்).சாண்டா மரியா தரை தட்டியதால், அதை அவர் கைவிட வேண்டியதாயிற்று. கொலம்பசு லா நாவிடாட் என்ற குடியேற்றத்தை அங்கே அமைத்து அங்கே தன்னுடன் வந்த 39 பேரை விட்டு விட்டார்.

சனவரி 4, 1493-இல் அவர் நாடு திரும்பப் பயணப்பட்டார்.ஆனால், புயல் காரணமாக அவர் போர்ச்சுகல்லில் இறங்க வேண்டியதாயிற்று. அப்போது போர்ச்சுகல்லுக்கும், காஸ்டைலுக்குமான உறவு மிகவும் மோசமாக இருந்த படியால் அங்கே அவர் கைது செய்யப்பட்டு விடுவிக்கப்பட்டார். பின்னர் மார்ச் 15-இல் அவர் எசுப்பானியாவை அடைந்தார்.

அங்கே அவர் தான் கொண்டு வந்த தங்கம் மற்றும் கொண்டு வந்த அமெரிக்கப்பழங்குடிகள் ஆகியவற்றை அரசவையில் ஒப்படைத்தார். அங்கே அதுவரை அறியப்படாதிருந்த புகையிலையையும், அன்னாசியையும் அன்னாக்கு ஆகியவைகளைப்பற்றி அங்கே விளக்கினார். அங்கே அவர் ஒரு மாவீரராக வரவேற்கப்பட்டார். அவருடைய கண்டுபிடிப்பு பற்றிய செய்தி உலகெங்கும் பரவியது.

அவர் தனது இரண்டாம் பயணத்தை (1493–1496)-இல் செப்டெம்பர் 24 1493-இல் துவக்கினார். டையனோ ஆதிவாசிகளை வசப்படுத்தவும், அத்தீவுகளைக்குடியேற்ற நாடுகளாக்கவும் 17 கப்பல்களில்,1200 பேருடன் வேண்டிய கருவிகளுடன் கிளம்பினார்.

இந்த முறை அவர் முன்னைவிட தெற்காகச் சென்றார். முதலில் டொமினிக்கா-வையும், பின்னர்
வடக்காகக் கிளம்பி, குவாடெலோப், மோன்ட்செர்ராட், ஆன்டிகுவா மற்றும் நேவிஸ் ஆகிய சிறிய ஆன்டில்லெஸ்-இல் உள்ள தீவுகளைக் கண்டறிந்து அவற்றிற்கு அப்பெயர்களைச் சூட்டினார். அத்தீவுகளில் இறங்கி அவற்றை ஸ்பெயினின் பகுதிகளாக கன்னித் தீவுகள் மற்றும் பியுர்டோ ரிகோ போல தானே கூறிக்கொண்டார். பின்னர் அவர் லா எசுப்பானியோலா-விற்குச்சென்று, அங்கே அவர் விட்டுச் சென்றவர்கள் அங்குள்ள ஆதிவாசிகளுடன் சண்டையில் ஈடுபட்டு கொல்லப்பட்டதை அறிந்தார். லா எசுப்பானியோலா தீவுகளில் வடகடற்கரையில் உள்ள இசபெல்லா தீவுகளில்(இங்கே முதன்முதலில் தங்கத்தைக்கண்டார்), இவர் குடியேற்றங்களை
அமைத்தார். ஆனால் இங்கே இவர் நினைத்தது போல தங்கம் அவ்வளவாகக்கிட்டவில்லை. பின்னர் இவர் இசபெல்லாத்தீவின் உட்பகுதியில் தங்கத்தைத்தேடி சிறிது கிடைப்பதை அறிந்தார். அங்கே ஒரு சிறு கோட்டையைக் கட்டினார். கியூபா-வின் தென் கடற்கரையில் பயணித்து, பின்னர் அது ஒரு தீபகற்பம், தீவு அல்ல என்பதை அறிந்தார். பின்னர் ஜமைக்காவைக் கண்டுபிடித்தார்.

தன்னுடைய இரண்டாம் பயணத்தின் போது பெர்டினான்ட் மற்றும் இஸபெல்லாவினால் அங்குள்ள குடிகளிடம் நட்புடன் இருக்குமாறு அறிவுறுத்தப்பட்டிருந்தார். ஆனால் கொலம்பஸ் தன் இரண்டாம் பயணத்தில் அரசருக்கு ஒரு கடிதம் அனுப்பி அங்குள்ள குடிகளை அடிமைப்படுத்த உரிமை வழங்குமாறு கேட்டார். ஏனென்றால் கரிப்-இலிருந்த குடிகள் முரடர்களாக இருப்பதாக அவர் உணர்ந்திருந்தார். அவருடைய வேண்டுகோள் மறுக்கப்பட்ட போதிலும் கொலம்பஸ் பிப்ரவரி, 1495 -இல் கொலம்பசு ஆராவக்-ஐச்சேர்ந்த 1600 பேரை பிணையாளிகளாக்கினார். 550 பேர் எசுபானியாவுக்குக் கப்பலில் அனுப்பப்பட்டனர். அவர்களில் 200 பேர் கப்பலிலேயே இறந்தனர் (நோயால் இருக்கக்கூடும்). எசுப்பானியாவை அடைந்த பாதிப் பேர் நோய்வாய்ப்பட்டிருந்தனர். ஆனால் எசுப்பானியா வந்தவர்கள் மறுபடியும் கப்பலில் திருப்பி அனுப்பப்பட்டனர். இவ்வாறாக அமெரிக்கக் குடிகளை வளைத்து அடிமைகளாக்குவது எசுப்பானியர்களுக்கும், அங்குள்ள குடிகளுக்குமான சண்டைகளுக்கு வழிவகுத்தது.

கொலம்பசின் பயணத்தின் மிக முக்கியக் குறிக்கோள் தங்கமே. அதற்காக எயிட்டி-இலுள்ள சிகாவோ தீவுகளில் இருந்த குடிகளை ஒரு திட்டத்திற்கு ஆட்படுத்தினார். அவர்கள் ஒவ்வொருவரும் ஒரு குறிப்பிட்ட தங்கத்தைக் கொண்டு வரவேண்டுமென்று அவர்களை மிரட்டினார். அவ்வாறு கொண்டு வராதவர்களின் கைகள் வெட்டப்படும் என்றும் மிரட்டினார்.அப்படியிருந்தும் அவரால் அவ்வளவாக தங்கத்தைப் பெற முடியவில்லை.

அவர் தன்னுடைய எசுப்பானிய அரசருக்கான கடிதங்களில் கொத்தடிமைப்படுத்துவதன் அவசியத்தை அடிக்கடி வலியுறுத்தினார். ஆனால் அவையாவும் அரசரால் மறுக்கப்பட்டன. அரச குடும்பத்தினர் அமெரிக்கக்குடிகள் கத்தோலிக்கத்திருச்சபையின் எதிர்கால உறுப்பினர்களாக அவர்கள் விரும்பினர்.

குறிப்பாக, கொலம்பஸ் என்கோமியென்டா எனப்படும் எசுப்பானியர்களின் 'அமெரிக்க குடிகளை கிறித்துவர்களாக மாற்றினால் அவர்களை வேலைக்கு வைத்துக்கொள்ளலாம்' திட்டத்தைத் தன்னலக் கண்ணோட்டத்துடன் பயன்படுத்தினார். இந்தத் திட்டம் அமெரிக்கக்குடிகள் கொத்தடிமைகளாக மாற வழிவகுத்தது. சில சமயங்களில் இந்தியக்குடிகள் சாகும்வரை வேலை செய்தனர். சில சமயங்களில் அவர்கள் ஐரோப்பியர்களால் அவர்களுக்குப் பரப்பப்பட்ட நோயினாலும் ஊட்டச்சத்துக் குறைவாலும் இறந்தனர். கொலம்பசிற்கு முன்னதான மக்கள் தொகை பற்றி பல்வேறு கருத்துக்கள் உள்ளன. 1496-இல் பார்த்தலோமே டி லாஸ் காஸாஸ் ஒரு மக்கள் தொகைக் கணக்கெடுப்பு நடத்தினார். 3,000,000 டையனோக்கள் இருந்ததாக அது தெரிவிக்கிறது. 1514-இல் எடுக்கப்பட்ட ஒரு எசுப்பானியக் கணக்கெடுப்பு 22,000 டையனோக்கள் இருந்ததாகத் தெரிவிக்கின்றது. 1542-இல் 200 பேர் மட்டுமே இருந்ததாக ஒரு கணக்கெடுப்பு தெரிவிக்கின்றது. கொலம்பசு தன்னுடைய உடன்பிறந்தவர்களை இந்தக்குடியிருப்புகளுக்கு அதிகாரிகளாக நியமித்து விட்டு ஹிஸ்பானியோலாவை விட்டு ஐரோப்பாவிற்கு மார்ச் 10, 1496 -இல் புறப்பட்டார். அவருடைய உடன்பிறந்தவர்களும் மற்ற எசுப்பானியர்களும் என்கோமியென்டா என்னும் கொலம்பசின் திட்டத்தை அமெரிக்கா முழுவதும் செயல்படுத்தினர்.

கொலம்பசு அவர் கண்டுபிடித்த தீவுகளின் ஆளுநராக அமர்த்தப்பட்டார். அத்தோடு அட்லாண்டிக் கடலில் பல்வேறு பயணங்களை அவர் மேற்கொண்டார். அவர் மிகப்பெரும் கடல் பயணியாக இருந்தபோதிலும் அவர் ஒரு மோசமான நிர்வாகியாகக் கருதப்பட்டார். அதனால் அவர் 1500-ல் ஆளுநர் பதவியிலிருந்து இறக்கப்பட்டார்.

1498-இல் கொலம்பஸ் மூன்றாம் முறையாக புதிய உலகிற்கு, இளம் பார்த்தலோமி டி லாஸ் காஸாஸ்(இவர் பின்னர் கொலம்பஸின் குறிப்புக்களை தந்தவர்) உடன் , கிளம்பினார். இந்த முறை அவர் ட்ரினிடாட் தீவுகளை ஜுலை 31இல் கண்டுபிடித்தார். அத்தோடு தென் அமெரிக்காவின் நிலப்பகுதியையும் கண்டுபிடித்தார். அங்கே அவர் ஒரினோகோ ஆற்றையும் கண்டார். முதலில் இந்த நிலப்பரப்புக்கள் புதிய கண்டம் என்று கூறியவர், பின்னர் அவை ஆசியாவின் பகுதிகள் என்று மாற்றிச் சொன்னார்.

ஸ்பானிய குடியேற்றவாசிகள், கொலம்பஸின் புதிய உலகைப்பற்றிய மிகைப்படுத்திய கூற்றுக்களால் ஏமாந்து போனார்கள்.கொலம்பஸ் குடியேற்றவாசிகளுக்கும், அமெரிக்கக்குடிகளுக்கும் இடையிலான சண்டைகளைத்தீர்க்க வேண்டியவரானார்.தன்னுடைய பேச்சைக் கேளாத ஸ்பெயின் நாட்டவர்களைத் தூக்கிலிடவும் செய்தார். இதனால் ஸ்பெயினுக்குத் திரும்பிய பலர் கொலம்பஸைப் பற்றி அவதூறாகக் குற்றம் சாட்டினர். அரசரும் அரசியும், பிரான்சிஸ்கோ டி போபடில்லா என்ற ஒரு அரச நிர்வாகியை 1500-இல் அனுப்பினர். இவர் வந்து கொலம்பஸ் மற்றும் அவரது சகோதரர்களைக் கைது செய்து ஸ்பெயினுக்கு அனுப்பினர். கொலம்பஸ் தன்னுடைய கைவிலங்கை ஸ்பெயின் திரும்பும்வரை கழற்ற மறுத்தார்.அப்போது அவர் ஸ்பெயின் அரசருக்கு ஒரு விரிவான கடிதம் ஒன்றை எழுதினார்.
அவர் ஸ்பெயினில் விடுவிக்கப்பட்டாலும், அவருடைய ஆளுநர் பட்டம் திரும்பத் தரப்படவில்லை. அத்தோடு வேதனையான விடயமாக, போர்த்துகீசியர்கள் இன்டீசுக்கான போட்டியில் வெற்றியும் பெற்றனர்: வாஸ்கோ ட காமா செப்டெம்பர் 1499-இல் இந்தியாவிற்குப்பயணம் மேற்கொண்டு திரும்பினார்(ஆப்பிரிக்கா வழியாக கிழக்கில் பயணித்து).

கொலம்பஸ் தனது கடைசிப் பயணத்தை 1502-1504-இல்(ஸ்பெயினைவிட்டு மே 9, 1502) மேற்கொண்டார். இந்தப் பயணத்தில், தன்னுடைய இளைய மகன் பெர்டினான்டுவையும் கூட்டிக்கொண்டு சென்றார். இப்போது நடு அமெரிக்கா-வின் பெலிஸ்-இலிருந்து பனாமா வரை பயணித்தார். 1502-இல் இப்போது ஹோன்டுராஸ் எனப்படும் தீவின் கரையில் ஒரு சரக்குக் கப்பலை எதிர்கொண்டார். இது ஸ்பானியர்களின் மீசோ அமெரிக்கா நாகரிகத்தின் அமெரிக்கக்குடிகள் உடனான முதல் சந்திப்பாகும். பிறகு கொலம்பஸ் ஜமைக்காவில் ஒரு வருடம் தவிக்கவேண்டியதாயிற்று. பிறகு அவர் இரண்டு பேரை கேனோவில் ஹிஸ்பேனியோலாவிற்கு உதவி கேட்டு அனுப்பி வைத்தார். இந்நிலையில் அவர் அமெரிக்கக்குடிகளிடம் மிகக் சரியாக சந்திரகிரகணத்தைக் கணித்துச்சொல்லி அவர்களது நன்மதிப்பைப்பெற்றார். கடைசியாக
அவருக்கு உதவி கிடைத்ததூ. அதன்பின் ஸ்பெயினுக்கு 1504-இல் திரும்பச்சென்றார்.

கொலம்பஸ் கிறிஸ்துவரல்லாதவர்களைக் கிறிஸ்துவர்களாக்குவதற்காகவே இவ்வாறு கடற்பயணம் செய்வதாகச் சொல்லி வந்தார். தனது முதிர்ந்த வயதில் மிகவும் ஆன்மீகவாதியாக மாறினார்.அவர் தனக்கு தெய்வக்குரல் கேட்பதாகக் கூடச்சொல்லி வந்தார். ஜெருசலேம் நகரை மீட்கும் சிலுவைப்போரில் ஈடுபடப்போவதாகக் கூறி, பிரான்சிஸ்கன் அணிந்து வந்தார். தன்னுடைய கண்டுபிடிப்புகளை சொர்க்கம் என்றும் அவை கடவுளின் திட்டமென்றும் கூறிவந்தார்.

தனது கடைசிக் காலத்தில் கொலம்பஸ் தனக்கு ஸ்பானிய அரசிடமிருந்து பத்து விழுக்காடு புதிய தீவுகளிலிருந்து லாப ஈட்டுத்தொகை வழங்க வேண்டுமென்று கேட்டு வந்தார். ஆனால் ஸ்பானிய அரசர் இதை நிராகரித்தார்.

மே 20, 1506-இல் கொலம்பஸ் இறந்தார். அப்போது கூட தான் கண்டுபிடித்தது, ஆசியாவின் கிழக்குக்கரை என்று உறுதியாக நம்பினார். அவருடைய இறப்பின் பின்கூட அவரது பயணம் தொடர்ந்தது. முதலில் வல்லாடோலிட்இலும், பின் செவில்-இலும் பின்னர் அவருடைய மகன் டியெகோ, அப்போதைய ஹிஸ்பானியோலாவின் ஆளுநர், அவரது முயற்சியில் ஸாண்டா டோமிங்கோவிற்கு அவரது உடல்
1542-இல் கொண்டு வரப்பட்டது. 1795-இல் பிரெஞ்சு அதைக்கைப்பற்றியதால், ஹவானாவிற்கு மாற்றப்பட்டது. 1898 போருக்குப்பிறகு கியூபா தனித்த நாடானதும், அவருடைய உடல் மறுபடியும் ஸ்பெயினுக்குக் கொண்டுவரப்பட்டு செவிஜா (Seville) ஆலயத்தில் வைக்கப்பட்டது. ஆனால் பலர் இன்னும் அவரது உடல் ஸாண்டா டோமிங்கோ வில் இருப்பதாக நம்புகின்றனர்.

மதமாற்றத்தை தனது கடலோடிப் பயணங்களின் ஒரு நோக்கமாக கொலம்பசு மொழிந்திருந்தாலும் தனது பிந்தைய நாட்களிலேயே மிகவும் சமயப்பற்று மிக்கவராக விளங்கினார். தனது மகன் டியாகோ மற்றும் நண்பர் காசுபர் கொர்ரிசியோவின் உதவியுடன் கொலம்பசு இரு நூல்களை வெளியிட்டார்: தமக்கும் தமது வாரிசுகளுக்கும் எசுப்பானிய அரசு தரவேண்டிய உரிமைகளை விவரித்த ""புக் ஆவ் பிரிவிலேசசு"" (1502), தனது கடலோடிப் பயணங்களின் சாதனைகளை விவிலிய முன்மொழிதலாக கருதி எழுதப்பட்ட ""புக் ஆவ் பிரொபெசீசு"" (1505).

புதிய நிலப்பகுதிகளிலிருந்து பெறப்படும் அனைத்து இலாபத்திலிருந்தும் 10% தமக்கு சேர வேண்டும் என எசுப்பானிய அரசரை வேண்டினார்; ஆனால் ஆளுநர் பதவியிலிருந்து அவரை விலக்கிய பிறகு அந்த உடன்பாடு முடிவுக்கு வந்தது என்று அரசர் இந்த கோரிக்கையை நிராகரித்தார். கொலம்பசின் மறைவிற்குப் பின்னரும் அவருடைய வாரிசுகள் அரசர் மீது வழக்கு தொடுத்தனர். இந்த வழக்கு மிக நீண்டதாக இருந்தது. இந்த வழக்குகள் ""கொலம்பிய சட்டவழக்குகள்"" (""pleitos colombinos"") எனப்படுகின்றன.

தமது கடைசி கடற்பயணத்தின் திரும்பும்வழியில் கடுமையானப் புயலை எதிர்கொண்டார்; 41 அகவைகள் நிறைந்த கொலம்பசிற்கு அச்சமயம் கீல்வாதம் பற்றியது. தொடர்ந்த ஆண்டுகளில் இன்ஃபுளுவென்சா மற்றும் பிற நோய்களால் அவதிப்பட்டார். கீல்வாதத்தின் கடுமையும் கூடியது. இதனால் பல மாதங்களுக்கு படுத்த படுக்கையில் இருந்தாக வேண்டியதாயிற்று. இந்த நோய்களே பதினான்கு ஆண்டுகளில் அவரது மறைவிற்கு காரணமாயின.

கொலம்பசின் வாழ்முறையையும் நோய் உணர்குறிகளையும் கொண்டு தற்கால மருத்துவர்கள் அவருக்கு நேர்ந்தது கீல்வாதமல்ல என்றும் ""ரீய்ட்டரின் கூட்டறிகுறி"" என்றும் கருதுகின்றனர். ரீய்ட்டரின் கூட்டறிகுறி குடல் தொற்றுக்களால் ஏற்படும் ஓர் மூட்டு நோயாகும்; இது கிளமிடியா அல்லது கொணோறியா போன்ற பாலுறவு பரவு நோய்களிலிருந்தும் வந்திருக்கலாம். அவருடைய கடற்பயணங்களில் எங்காவது உணவு நச்சுமை தொற்றி இந்நோய் வந்திருக்கலாம் என டெக்சாசு மருத்துவ பள்ளியின் பேராசிரியரும் வாதவியலாளருமான மரு. பிராங்க் சி. ஆர்னெட் கருதுகிறார். 
மே 20, 1506இல் தமது 54வது அகவையில் கொலம்பசு எசுப்பானியாவிலுள்ள வல்லாடோலிடில் இறந்தார்.

கொலம்பசின் உடல் முதலில் வல்லாடோலிடில் நல்லடக்கம் செய்யப்பட்டது. பின்னர் லா எசுப்பானியோலாவின் ஆளுநராக இருந்த அவரது மகன் டியாகோவின் உயில்படி செவீயாவின் லா கார்துஜாவிலுள்ள ஓர் தேவாலயத்திற்கு மாற்றப்பட்டது. 1542இல் காலனித்துவ சான்டோ டோமிங்கோவிற்கு (தற்கால டொமினிக்கன் குடியரசு) மாற்றப்பட்டது. 1795இல், லா எசுப்பானியோலாவை பிரான்சு கையகப்படுத்தியபோது மீண்டும் கூபாவின் அவானாவிற்கு மாற்றப்பட்டது. 1898இல் எசுப்பானிய அமெரிக்கப் போரை அடுத்து கூபா விடுதலை பெற்றபோது மூண்டும் எசுப்பானியாவிற்கே கொண்டு செல்லப்பட்டு செவீயா பெருங்கோயிலில் அலங்கரிக்கப்பட்ட பீடத்தில் வைக்கப்பட்டது.

1877இல் சான்டோ டொமிங்கோவில் ""டான் கிறித்தோபர் கொலம்பசு"" என்று குறியிடப்பட்ட ஈயப்பெட்டி கிடைத்தது; இதனுள்ளே எலும்பு துண்டுகளும் துப்பாக்கி இரவையும் இருந்தன.

இதனால் தவறான உடலெச்சங்கள் அவானாவிற்கு மாற்றப்பட்டதோ என்ற குழப்பத்தை தீர்க்க சூன் 2003இல் செவீயாவிலிருந்த உடலின் டி. என். ஏ. கூறுகள் கொலம்பசின் தம்பி, மகன் ஆகியோரின் டி. என். ஏ கூறுகளுடன் ஒப்பிடப்பட்டன. துவக்கத்தில் கொலம்பசின் வயதிற்கும் உடற்கட்டுக்கும் தொடர்புபடுத்தக்கூடிய அளவில் எலும்புகள் இல்லை எனத் தோன்றியது; டி.என். ஏ கிடைப்பதும் கடினமாக இருந்தது; இழைமணிகளின் டி ஆக்சி-ரைபோநியூக்லியிக் காடியின் சிறு கூறுகளே கிடைத்தன. இந்த இழைமணிகளின் டி ஆக்சி-ரைபோநியூக்லியிக் காடி கூறுகள் கொலம்பசின் உடன்பிறப்பின் கூறுகளுடன் ஒத்திருந்தன; இருவரும் ஒரே அன்னைக்குப் பிறந்தவர்களாக உறுதி செய்யப்பட்டது.

இச்சான்றும், பிற மானிடவியல், வரலாற்று பகுப்பாய்வுகளும் கொண்டு செவீயாவிலுள்ள எச்சங்கள் கொலம்பசினுடையதே என்று ஆராய்ச்சியாளர்கள் முடிவுக்கு வந்தனர். சான்ட்டோ டொமிங்கோவில் இருந்த அதிகாரிகள் அங்கிருந்த உடலெச்சத்தை ஆய்வு செய்ய அகழ்ந்தெடுக்க அனுமதிக்கவில்லை; இதனால் அங்கிருப்பது கொலம்பசின் உடலின் பாகங்களாக என்பதை உறுதி செய்ய முடியவில்லை. சான்டோ டொமிங்கோவில் இந்த கல்லறை ""கொலம்பசு கலங்கரைவிளக்கத்தில்"" (""Faro a Colón"") உள்ளது.

கொலம்பஸின் நடவடிக்கைகள் மற்றும் சாதனைகளையும் தாண்டி, அவர் பண்பாட்டு முக்கியத்துவம் வாய்ந்தவராகக் கருதப்படுகிறார்; ஒரு சின்னமாகவும் சகாப்தமாகவும் மாறியுள்ளார்.அவரைப் பற்றிய யூகங்கள், ஒரு கோணத்தில் அவரை ஒரு வரலாற்று நாயகனாகவும் மற்றொரு கோணத்தில் அவரை ஒரு மனித குல எதிரியாகவும் சித்தரிக்கின்றன.

புதிய நிலப்பகுதிகளுக்கு ஐரோப்பியர்களின் வருகையும், அதன் பின்னர் பரவலான கிறிஸ்தவ மற்றும் ரோமன் கத்தோலிக்க நம்பிக்கைகளைப் பற்றிய ஒருவரின் கருத்தைக் பொறுத்து,கொலம்பஸ் நல்ல விதமாகவும் மோசமாகவும் சித்தரிக்கப்படுகிறார்.

கொலம்பஸ் அமெரிக்காவைக் கண்டடைந்து 400 ஆண்டுகள் ஆன 1892 வாக்கில், கொலம்பஸை கொண்டாடும் போக்கு அதன் உச்சத்தை அடைந்தது. ஐக்கிய அமெரிக்க மாநிலங்களிலும் லத்தீன் அமெரிக்காவிலும் அவருடைய உருவச் சிலைகள் நிறுவப்பட்டன.

தன் சம காலத்தவர்களைப் போலன்றி,கொலம்பஸ் மட்டுமே உலகம் உருண்டையானது என்று கருதினார் என்ற வாதம் திரும்பத் திரும்ப வலியுறுத்தப்பட்டு வந்தது.இந்த வாதம், கொலம்பஸ் மிகவும் முற்போக்கானவர் என்றும் சிறந்த அறிவாளர் என்றும் எடுத்துரைக்கப் பயன்பட்டது. கொலம்பஸ், மரபை மீறி, கிழக்குப் பகுதியைச் சென்றடைய மேற்கு நோக்கிப் பயணம் மேற்கொண்டது, அமெரிக்கப் பாணிப் படைப்பூக்கத்திற்குச் சான்றாகக் கொண்டாடப்பட்டது.

குறிப்பாக, ஐக்கிய அமெரிக்க மாநிலங்களில் வாழ்ந்து வந்த கத்தோலிக்க, இத்தாலிய-அமெரிக்க, இஸ்பானிக்க சமூகத்தினர் கொலம்பஸின் புகழைப் பரப்புவதில் முனைப்புடன் இருந்தனர். அமெரிக்க ஆதிக்கக் கலாச்சாரத்தால் ஒடுக்கப்பட்ட இச்சமூகத்தினர், நடுநிலக்கடற் பகுதிக் கத்தோலிக்கர்களாலும் ஐக்கிய அமெரிக்க மாநிலங்களுக்கு சிறந்த பங்காற்ற முடியும் என்பதை எடுத்துக்காட்டும் முகமாக கொலம்பஸின் சாதனைகளை சுட்டிக்காட்டினர்.

கொலம்பஸ் ஒரு முரண்பட்ட மனிதர். சிலர், குறிப்பாக அமெரிக்கப் பழங்குடிகள், அவரை அமெரிக்கா மீதான ஐரோப்பாவின் சுரண்டல் மற்றும் மேற்கிந்தியத்தீவுகளின் கொத்தடிமை இவற்றிற்கு நேரடியான அல்லது மறைமுகமான காரணமாகக் கருதுகின்றனர்.

பார்த்தலோம் டி லாஸ் காசாஸ் எனும் சமயத் தலைவர் கொலம்பஸ் செய்த கொடுமைகளைப் பற்றி எழுதியிருந்தார் என்றாலும், 1960களுக்குப் பிறகே, அவரை ஐரோப்பிய ஏகாதிபத்தியத்தின் அக்கிரமங்களின் - கொத்தடிமைப்படுத்தல், இனப்படுகொலை, பண்பாட்டுச் சிதைப்புகள் - சின்னமாகக் கருதும் போக்கு பரவலானது.ஐரோப்பிய ஏகாதிபத்தியத்தின் அனைத்து தவறுகளுக்கும் கொலம்பஸை குற்றம் சாட்ட இயலாது என்றாலும், 1493-1500ல் ஸ்பெயின் ஆக்கிரமிப்பு பகுதிகளில் வைஸ்ராய் (அரச சார்பாளர்) ஆகவும் ஆளுநராகவும் அவர் செய்த கொடுஞ்செயல்கள், அவரை இனப்படுகொலைகளுக்காகக் குற்றஞ்சாட்ட போதுமான காரணம் என்று சிலர் கருதுகின்றனர்.

சமீப காலங்களில்,கொலம்பஸின் சாதனைகள் பற்றிய பிரச்சாரமும் கொலம்பஸ் தினக் கொண்டாட்டங்களும் கடும் விமர்சனங்களுக்கு உள்ளாகி வருகின்றன. 1992ல் கொலம்பஸ் முதல் கடல் பயணம் தொடங்கிய 500வது ஆண்டு கொண்டாட்டங்களுக்கு கடும் எதிர்ப்பு கிளம்பியது. அதன் தொடர்ச்சியாக அக்டோபர் 2002ல், வெனிசுலா அதிபர் குகொ சவெஸ் கொலம்பஸ் தினத்தை ""உள்நாட்டு எதிர்ப்பு நாள்"" என்று பெயர் மாற்றும் தீர்மானத்தில் கையெழுத்திட்டார்.

1492இல் கொலம்பசு அமெரிக்காக்களில் வந்திறங்கிய நாள் அக்டோபர் 12 கனடா தவிர்த்த அனைத்து அமெரிக்க நாடுகளிலும் எசுப்பானியாவிலும் கொண்டாடப்படுகிறது. எசுப்பானியாவில் இது ""பியஸ்டா நாசியோனல் டெ எசுப்பானா யி டியா டெ லா இஸ்பானியட்"" எனக் கொண்டாடப்படுகிறது. பல இலத்தீன் அமெரிக்க நாடுகள் இதனை ""டியா டெ லா ராசா"" எனக் கொண்டாடுகின்றனர். ஐக்கிய அமெரிக்காவில் இது கொலம்பசு நாள் எனவும் ஒவ்வொரு ஆண்டும் அக்டோபரின் இரண்டாவது திங்களன்றும் கொண்டாடப்படுகின்றது.

1893இல் சிக்காகோவில் நடந்த உலக கொலம்பியக் கண்காட்சியில் கொலம்பசு வந்திறங்கிய நானூறாவது ஆண்டுவிழா கொண்டாடப்பட்டது. ஆறு மாதங்கள் நடந்த இக்கண்காட்சிக்கு 27 மில்லியனுக்கும் கூடுதலான மக்கள் வருகை தந்தனர்.

ஐக்கிய அமெரிக்க அஞ்சல் துறையும் இக்கொண்டாட்டங்களில் கலந்து கொண்டு 16 தபால்தலைகள் அடங்கிய நினைவு தபால்தலைத் தொகுப்பை வெளியிட்டது; இவை கொலம்பசு, அரசி இசபெல்லா, மற்றும் அவரது கடற்பயணங்களின் வெவ்வேறு நிலைகளை குறித்தனவாக இருந்தன. ஒரு சென்ட் மதிப்பிலிருந்து 5 டாலர் மதிப்பில் இவை இருந்தன. இந்த நினைவுத் தபால்தலைகள் மிகவும் புகழ்பெற்று ஏராளமாக விற்கப்பட்டன. ஆறு மாதகாலத்தில் மொத்தமாக இரண்டு பில்லியன் தபால்தலைகள் விற்கப்பட்டன; இதில் இரண்டு சென்ட் மதிப்பிலான ""கொலம்பசின் வந்திறங்கல்"" தபால்தலை 72% ஆகும்.

1992இல், 500வது நூற்றாண்டுவிழாக் கொண்டாட்டமாக இரண்டாம் முறை இத்தகையத் தபால்தலைத் தொகுப்பு வெளியிடப்பட்டது. இவை முதல்முறை தபால்தலைகளின் நகலாக இருப்பின்ம் வலது மூலையில் தேதி மட்டும் மாற்றப்பட்டிருந்தன. ஐக்கிய அமெரிக்காவுடன் இத்தாலி, போர்த்துகல் மற்றும் எசுப்பானியாவும் இத்தபால்தலைகளை அந்நாட்டு செலாவணியில் வெளியிட்டன.

அமெரிக்க, ஐரோப்பிய இலக்கியங்களில் பரவலாக கொலம்பசு ""அமெரிக்காவைக் கண்டறிந்தவர்"" என்ற கருத்து இருப்பினும் உண்மையில் முதலில் கண்டறிந்தவர்கள் இங்கு பல காலமாக வாழ்ந்திருந்த உள்ளூர் குடிகளாகும். கொலம்பசு முதல் ஐரோப்பியர் கூடக் கிடையாது; வைக்கிங்குகள் தான் முதலில் வந்திறங்கிய ஐரோப்பியர்கள். ஆனால் கொலம்பசு தான் அமெரிக்காவை ஐரோப்பாவில் பிரபலப்படுத்தியவர். மேற்கத்திய கவனத்திற்கு புதிய நிலப்பகுதியைக் கொண்டு வந்ததன் மூலம் புவியின் இரு முதன்மையான நிலப்பகுதிகளுக்கிடையேயும் அங்கு வாழ்பவர்களிடையேயும் நிலைத்த தொடர்பை துவங்கி வைத்தார். வரலாற்றாளர் ""மார்ட்டின் துகார்டு"" ""கொலம்பசின் பெருமை அமெரிக்காவை முதலில் சென்றடைந்தவர் என்பதல்ல, அங்கு முதலில் தங்கியவர் என்பதாகும்"" எனக் கூறியுள்ளார்.

கொலம்பசு தாம் கண்டறிந்த நிலப்பகுதி ஆசியாவின் அங்கமென்றே இறுதி வரை எண்ணியிருந்ததாக வரலாற்றாளர்கள் பொதுவாக கருதியபோதும் கிர்க்பாட்றிக் சேல் கொலம்பசின் ""புக் ஆவ் பிரிவிலேஜசில்"" புதிய கண்டத்தைக் கண்டதாக குறிப்பிட்டுள்ளதாக சுட்டுகிறார். தவிரவும், மூன்றாம் கடற்பயணத்தின் பதிவேடுகளில் ""பரியா நிலம்"" , ""இதுவரை காணாத"" கண்டம் எனக் குறிப்பிட்டுள்ளார். அதேவேளையில் கொலம்பசின் மற்ற ஆவணங்களில் சியாவை சென்றடைந்ததாகவே குறிப்பிட்டுள்ளார்; 1502இல் திருத்தந்தை ஆறாம் அலெக்சாண்டருக்கு எழுதியக் கடிதத்தில் கூபா ஆசியாவின் கிழக்குக் கடலோரம் எனக் குறிப்பிட்டுள்ளார். மேலும் புதிய கண்டமான தென்னமெரிக்கா ""ஓரியன்ட்டின் இறுதியிலிருக்கும் பூலோக சொர்க்கம்"" என்றார். எனவே, அவருடைய உண்மையான கருத்துக்கள் என்னவென்று அறுதியாகத் தெரியவில்லை.
கொலம்பசின் முதல் கடற்பயணத்திற்குப் பின்னர் அமெரிக்காவிற்குப் பயணித்த அமெரிகோ வெஸ்புச்சி தான் முதலில் இந்த நிலப்பகுதி ஆசியா அல்லவென்றும் யூரேசியர்களுக்கு இதுவரைத் தெரியாத புதிய கண்டம் என்றும் கூறியவர். செருமன் நிலப்பட வரைவாளர் மார்ட்டின் வால்ட்சிமுல்லருக்கு இந்த முடிவை எட்ட 1502-04இல் வெளியான அமெரிகோ வெஸ்புச்சியின் பயணப்பதிவேடுகளே மூலமாக அமைந்தன. கொலம்பசு இறந்த அடுத்த ஆண்டு, 1507இல் வெளியிட்ட தமது உலக நிலப்படத்தில் வால்ட்சிமுல்லர் ""அமெரிக்கா"" என்று புதிய கண்டத்தை அழைத்திருந்தார்; இது வெஸ்புச்சியின் இலத்தீனப் பெயரான ""அமெரிகசு"" என்பதலிருந்து வந்தது.

பலகாலமாக, பிரித்தானியர்கள் கொலம்பசை அல்லாது வெனிசிய ஜான் கபோட்டை முதல் தேடலாளராக கொண்டாடினர். ஆனால் புதிய நாடாக வளர்ந்து வந்த ஐக்கிய அமெரிக்காவில் கபோட் தேசிய அங்கீகாரம் பெறவில்லை. குடிமைபடுத்திய காலங்களிலிருந்தே அமெரிக்காவில் கொலம்பசிற்கான வழிபாடு வளர்ந்தது. அமெரிக்காவிற்கு ""கொலம்பியா"" என்ற பெயர் 1738இல் பிரித்தானிய நாடாளுமன்ற விவாதங்களில் இடம் பெற்றது. அமெரிக்கப் புரட்சிக்குப் பின்னர் புதிய உலகைக் கண்டறிந்தவர் கொலம்பசு என்றக் கருத்தாக்கம் அமெரிக்கா முழுமையிலும் பரவியது. ஐக்கிய அமெரிக்காவின் கூட்டரசுத் தலைநகருக்கும் (கொலம்பியா மாவட்டம்), இரண்டு மாநிலங்களின் தலைநகரங்களுக்கும் (ஒகையோ, தென் கரொலைனா), கொலம்பியா ஆற்றுக்கும் கொலம்பசின் பெயர் சூட்டப்பட்டது. ஐக்கிய அமெரிக்காவிற்கு வெளியே 1819இல் தற்கால கொலொம்பியாவின் முன்னோடிக்கு ""கிரான் கொலொம்பியா"" எனப் பெயரிடப்பட்டது. பல நகரங்கள், ஊர்கள், கவுன்ட்டிகள், சாலைகள், அங்காடி வளாகங்கள் இவரதுப் பெயரைத் தாங்கி உள்ளன. 1866இல் கத்தோலிக்க திருச்சபையால் புனிதராக கருதப்பட நியமிக்கப்பட்டார். இத்தகைய வழிபாட்டின் உச்சமாக 1892இல் அமெரிக்காவை அடைந்த 400வது ஆண்டுவிழா கொண்டாடப்பட்டது. சிக்காகோவில் கொலம்பியக் கண்காட்சியும் நியூயார்க் நகரத்தில் கொலம்பசு வட்டமும் நிறுவப்பட்டன.

BULLET::::- Cohen, J.M. (1969) ""The Four Voyages of Christopher Columbus: Being His Own Log-Book, Letters and Dispatches with Connecting Narrative Drawn from the Life of the Admiral by His Son Hernando Colon and Others"". London UK: Penguin Classics.
BULLET::::- in
BULLET::::- Cook, Sherburn and Woodrow Borah (1971) ""Essays in Population History, Volume I"". Berkeley CA: University of California Press
BULLET::::- Crosby, A. W. (1987) ""The Columbian Voyages: the Columbian Exchange, and their Historians."" Washington, DC: American Historical Association.
BULLET::::- Fuson, Robert H. (1992) ""The Log of Christopher Columbus"". International Marine Publishing
BULLET::::- Keen, Benjamin (1978) ""The Life of the Admiral Christopher Columbus by his Son Ferdinand,"" Westport CT: Greenwood Press.
BULLET::::- Morison, Samuel Eliot, ""Christopher Columbus, Mariner"", Boston, Little, Brown and Company, 1955
BULLET::::- Sale, Kirkpatrick ""The Conquest of Paradise: Christopher Columbus and the Columbian Legacy"", Plume, 1991
BULLET::::- Turner, Jack (2004), ""Spice: The History of a Temptation"", New York: Random House.

BULLET::::- Excerpts from the log of Christopher Columbus's first voyage
BULLET::::- The Letter of Columbus to Luis de Sant Angel Announcing His Discovery
BULLET::::- Columbus Monuments Pages (overview of monuments for Columbus all over the world)
BULLET::::- ""But for Columbus There Would Be No America"", Tiziano Thomas Dossena, ""Bridgepugliausa.it"", 2012
",கிறித்தோபர் கொலம்பசு,https://ta.wikipedia.org/wiki?curid=21,வரலாறு,7
43447,['இலங்கை புவியியல்'],26,"இலங்கையின் புவியியல்

இலங்கை, இந்தியாவுக்குத் தெற்கே, இந்தியப் பெருங்கடலிலுள்ள ஒரு தீவு நாடாகும்.

தொடர்ச்சியான பகுதியாக (contiguous zone) 24 கடல் மைல் தொலைவையும், கண்டமேடையாக 200 கடல் மைல் தூரத்தையும் கொண்டுள்ளது.

கடல்சார் உரிமைகள்:
""தொடர்ச்சியான பகுதி:""
24 கடல் மைல் (nm)
""கண்ட மேடை:""
200 கடல் மைல் (nm)
""பிரத்தியேக பொருளாதார வலயம்:""
200 nm
""பிரதேச கடல்:""
12 nm

காலநிலை:
tropical பருவப் பெயர்ச்சிக் காற்று; வடகீழ்ப் பருவப் பெயர்ச்சிக் காற்று(டிசம்பரிலிருந்து மார்ச் வரை); தென்மேற் பருவப் பெயர்ச்சிக் காற்று(ஜூனிலிருந்து அக்டோபர் வரை)

நிலத்தோற்றம்:
பெரும்பாலும் தாழ்வானது, தட்டை முதல் சிற்றளவான ஏற்ற இறக்கங்கள் கொண்டது; மலைகள் தெந் மத்திய பகுதியில்.

நிலைப்பட அந்தலைகள்:
""மிகத் தாழ்ந்த புள்ளி:""
இந்து சமுத்திரம் 0 m
""அதியுயர் புள்ளி:""
பிதுருதலாகலை 2,524 m

இயற்கை வளங்கள்:
சுண்ணாம்புக் கல், காரீயம், கனிம மணல்கள், இரத்தினங்கள், பொஸ்பேற்றுகள், களி, நீர் மின்சாரம்

நிலப் பயன்பாடு:
""பயிர்த்தொழில் செய்யத்தக்க நிலம்:""
14%
""நிலையான பயிர்:""
15%
""நிலையான புல்வெளிகள்:""
7%
""காடுகளும் மரச்செறிவுகளும்:""
32%
""ஏனையவை:""
32% (1993 கணக்கீடு)

நீர்ப்பாசனமுள்ள நிலங்கள்:
5,500 சது. கிமீ(1993 கணக்கீடு)

இயற்கை அழிவுகள்:
அவ்வப்போது தோன்றும் புயல்களும், சூறாவளிகளும்.

சூழல் - தற்காலச் சிக்கல்கள்:
காடழிப்பு; மண்ணரிப்பு; சட்டவிரோத வேட்டையினாலும், நகராக்கத்தினாலும், வனவிலங்குகள் ஆபத்துக்குள்ளாகியிருத்தல்; அகழ்வு நடவடிக்கைகளினாலும், அதிகரித்துவரும் மாசடைதலாலும், கரையோர degradation; தொழிற்சாலைக் கழிவுகளாலும், கழிவு நீர் கலத்தலாலும், நன்நீர் வளங்கள் மாசடைதல்; கழிவு அகற்றல்; கொழும்பில் காற்று மாசடைதல்.

சுற்றுச்சூழல் - அனைத்துலக ஒப்பந்தங்கள்:
""party to:""
உயிரினப் பன்வகைமை (Biodiversity), காலநிலை மாற்றம், பாலைவனமாதல், அழியும் நிலையிலுள்ள உயிரினங்கள், சுற்றுச் சூழல் மாற்றம், ஆபத்து விளைவிக்ககூடிய கழிவுகள், கடற் சட்டம், அணுவாயுத சோதனைத் தடை, ஓசோன் படலப் பாதுகாப்பு, கப்பல்கள் தொடர்பான மாசடைதல், ஈர நிலங்கள்.
""கையெழுத்திடப்பட்டது, ஆனால் ஏற்கப்படவில்லை:""
கடல்வாழ் உயிரினப் பாதுகாப்பு

BULLET::::- முக்கிய இந்தியப் பெருங்கடல் கடற்பாதைக்கு அண்மையிலுள்ள அமைவிடம்.
BULLET::::- இந்து தொல் நம்பிக்கைகளின்படி இராமபிரானால் கட்டப்பட்டதாகக் கருதப்படும் ஆதாம் பாலம் எனப்படும், இந்தியாவுடனான நிலத்தொடர்பு. இது தற்போது பெரும்பாலும் கடலுள் அமிழ்ந்தும் சில பகுதிகள் மட்டும் சங்கிலித் தொடர் போன்ற திட்டுகளாகக் கடல் மட்டத்துக்கு மேல் தெரியும் படியாகவும் அமைந்துள்ளது.

BULLET::::- இலங்கை ஆள்கூறு
BULLET::::- 2000 இலங்கைச் சூறாவளி
",இலங்கையின் புவியியல்,https://ta.wikipedia.org/wiki?curid=26,புவியியல்,2
43448,"['இந்தியப் புவியியல்', 'ஆசியா', 'தெற்கு ஆசியா', 'கண்டங்கள்', 'ஆசியப் புவியியல்']",32,"இந்தியத் துணைக்கண்டம்

இந்தியத் துணைக் கண்டம் (""Indian subcontinent"") என்பது ஆசியாவின் தெற்குப் பகுதியாகும். இதைப் பொதுவாக துணைக்கண்டம் என்று அழைப்பார்கள். இத்துணைக் கண்டத்தின் பெரும்பகுதி இந்திய தட்டில் அமைந்துள்ளது. இமயமலையில் இருந்து தெற்கு நோக்கி இந்தியப் பெருங்கடலில் துருத்தி பரவியுள்ளது. இந்திய துணைக் கண்டம் கோண்ட்டுவானாவில் இருந்து சுமார் 55 மில்லியன் ஆண்டுகளுக்கு முன்னர் பிரிக்கப்பட்டு யூரேசிய தட்டுடன் இணைந்த நிலப்பகுதியாக இருக்கலாம் என்று நிலவியலில் கருதப்படுகிறது .

புவியியல் ரீதியாக தெற்கு-மத்திய ஆசியாவில் உள்ள ஒரு தீபகற்பப் பிரதேசம் என்று இந்தியத் துணைக்கண்டம் புவியியல்ரீதியாக விளக்கப்படுகிறது. வடக்கில் இமயமலையால் வளைக்கப்பட்டும், மேற்கில் இந்து குசு மலைத்தொடரும், கிழக்கில் அரகான் மலைத்தொடரும் இத்தீபகற்பத்தைச் சூழ்ந்துள்ளன. அரசியல் ரீதியாக இந்தியா, வங்காளதேசம், பாக்கித்தான், நேபாளம், பூட்டான், இலங்கை, மாலத்தீவு மியன்மார் மற்றும் ஆகிய பகுதிகளை உள்ளடக்கிய தெற்காசியாவின் ஒரு புவியியல் பகுதியாக கருதப்படுகிறது .
சில நேரங்களில் தெற்காசியா என்ற சொல் இந்திய துணைக் கண்டத்தை குறிப்பதற்காகப் பயன்படுத்தப்படுகிறது . தெற்காசியா, இந்தியா என்ற பாகுபாட்டின் கீழ் ஒவ்வொன்றிலும் எந்த நாடுகள் சேர்க்கப்பட வேண்டும் என்பது பற்றிய ஒருமித்த கருத்து ஏதுமில்லை .

தனித்துவமான புவியியல், அரசியல் அல்லது கலாச்சார அடையாளம் கொண்ட ஒரு கண்டத்தின் துணைப்பிரிவு என்றும் ஒரு கண்டத்தைக் காட்டிலும் சற்றே சிறிய நிலப்பகுதி என்றும் ஆக்சுபோர்டு ஆங்கில அகராதியில் துணைக் கண்டம் என்ற சொல்லுக்கு பொருள் கூறப்பட்டுள்ளது. தனித்தனி கண்டங்களாக கருதப்படுவதற்கு முன்னர் வடக்கு மற்றும் தென் அமெரிக்காவைக் குறிப்பதற்காக 1845 ஆம் ஆண்டில் முதன்முதலாக இந்தியத் துணைக்கண்டம் என்ற சொல் பயன்படுத்தப்பட்டது. இருபதாம் நூற்றாண்டின் தொடக்கத்தில் இருந்துதான் இந்திய துணைக் கண்டத்தை குறிப்பதற்காகப் பயன்படுத்தப்பட்டாதாக அறிய முடிகிறது. பிரித்தானிய இந்தியா மற்றும் பிரித்தானிய வணிகவியல் மேலதிகாரத்தின் கீழ் உள்ள மன்னர் அரசு (பிரித்தானிய இந்தியா) இரண்டையும் உள்ளடக்கிய பகுதியை குறிப்பிடுவதற்கு இந்தியத் துணைக்கண்டம் என்ற பெயர் மிகவும் வசதியாக இருந்தது. 
இந்திய துணைக் கண்டம் என்ற சொல் புவியியல் முக்கியத்துவம் வாய்ந்ததாகவும் உள்ளது. பல்வேறு கண்டங்களைப் போலவே, 550 மில்லியன் ஆண்டுகளுக்கு முன்னர் இருந்ததாகக் கருதப்படும் பெருநிலப்பகுதியான கோண்டுவானாவின் ஒரு பகுதியாக இந்திய துணைக் கண்டமும் இருந்ததாகக் கருதப்படுகிறது. புவி ஓடுகளின் தொடர்ச்சியான பிளவுகள் காரணமாக பல்வேறு வடிநிலங்கள் உருவாகி அவை ஒவ்வொன்றும் பல்வேறு திசைகளில் இழுத்துச் செல்லப்பட்டன. இந்திய துணைக் கண்ட வடிநிலமாகப் பிளந்த பகுதியுடன் ஒரு காலத்தில் மடகாசுகர், சீசெல்சு, அண்டார்டிக்கா, ஆசுத்திரலேசியா ஆகியபகுதிகளும் சேர்ந்து மகா இந்தியா என்று அழைக்கப்பட்டது. தொல்லூழி காலத்தின் முடிவில் சுமார் 55 மில்லியன் ஆண்டுகளுக்கு முன்பு இந்திய வடிநிலம் யூரோசியாவுடன் மோதியதால் உடைந்த பகுதியே இந்தியத் துணைக்கண்டம் என்று புவியியல் ரீதியான வரையறையும் இத்துணைக் கண்டத்திற்குக் கொடுக்கப்படுகிறது .

இந்திய துணைக் கண்டம் என்ற சொல் குறிப்பாக பிரித்தானிய பேரரசிற்கும் அதனைத் தொடர்ந்து வந்தவர்களுக்கும் பொதுவானதாக இருந்தது . மரபு ரீதியாகவும் முன் நவீன ரீதியாகவும் இப்பகுதி இந்தியா, மகா இந்தியா அல்லது தெற்காசியா என்ற பெயர்களால் அடையாளப்படுத்தப்பட்டுள்ளது என்று மிதல் மற்றும் தர்சுபை முதலானோர் தெரிவிக்கின்றனர் . 
பிபிசி மற்றும் சில கல்வி மூலங்கள் இப் பிராந்தியத்தை ஆசிய துணை கண்டம் என்ற பெயரால் குறிப்பிடுகின்றன .சில கல்வியாளர்கள் தெற்காசிய துணை கண்டம் என்று இந்தியத் துணைக்கண்டத்தைக் குறிப்பிடுகின்றனர் .

இந்திய துணைக்கண்டம், தெற்காசியா என்ற பெயர்கள் ஒரே பொருளில் மாற்றி மாற்றி பயன்படுகின்றன . எந்தெந்த நாடுகளை தெற்காசியா அல்லது இந்தியத் துணைக்கண்டத்துடன் இணைத்துக் கொள்வது என்பது தொடர்பான உலகாய அளவில் ஏற்றுக் கொள்ளப்பட்ட வரையறை ஏதுமில்லை .

அகராதிகளில் உள்ளிட்டபடி துணைக் கண்டம் என்பது ஒரு கண்டத்தின் ஒரு பெரிய, தனித்துவமான துணைப்பிரிவை குறிக்கிறது .

160 மில்லியன் ஆண்டுகளுக்கு முன்னால் மத்திய சுராசிக் காலத்தில் கிழக்கு ஆப்பிரிக்காவில் இருந்து விலகிச் சென்ற கோண்டுவானா என்ற பெருநிலப்பரப்பான மகா இந்தியாவின் ஒரு பகுதியாக முதலில் இந்தியத் துணைக்கண்டம் இருந்தது என்று நிலவியல் ரீதியாக வரையறை செய்யப்படுகிறது . இப்பகுதி பெரும் எரிமலை வெடிப்புகள் மற்றும் பல புவித்தட்டுப் பிரிவுகளுக்கு உட்பட்டு மடகாசுகர், சீசெல்சு, அண்டார்ட்டிக்கா, ஆசுத்திரலேசியா மற்றும் இந்தியத் துணைக்கண்ட வடிநிலப்பகுதிகளை உருவாக்கியது. தொல்யுக முடிவில் சுமார் 55 மில்லியன் ஆண்டுகளுக்கு முன்னர் இந்திய துணைக் கண்டம் வடகிழக்கு நோக்கி நகர்ந்து சென்று யுரேசிய தட்டுடன் மோதிக்கொண்டது. இந்தியா, வங்காளதேசம், பாக்கித்தான், நேபாளம், பூட்டான், இலங்கை, மாலத்தீவு மியன்மார் மற்றும் ஆகிய பகுதிகளை உள்ளடக்கிய தெற்காசியாவின் புவியியல் நிலப்பகுதியாகக் கருதப்படுகிறது. யுரேசியத் தட்டும் இந்தியத் துணைக்கண்டத் தட்டும் சந்திக்கும் மண்டலத்தில் நிகழும் தொடர்ச்சியான புவிநடவடிக்கைகளால் அடிக்கடி பூகம்பங்கள் நிகழ்வதற்கு வாய்ப்புள்ளது எனக் குறிக்கப்படுகிறது.

ஆங்கிலத்தில் குறிக்கப்படும் துணைக்கண்டம் என்ற சொல் தொடர்ச்சியாக இந்தியத் துணைக்கண்டத்தையே குறித்து வருகிறது. பொருள்களின் இயற்கை அமைப்புப் புவியியலின் படி இந்தியத் துணைக்கண்டம் தெற்கு-மத்திய ஆசியாவில் உள்ள ஒரு தீபகற்பப் பிரதேசம் என்று விளக்கப்படுகிறது. வடக்கில் இமயமலையால் வளைக்கப்பட்டும், மேற்கில் இந்து குசு மலைத்தொடரும், கிழக்கில் அரகான் மலைத்தொடரும் இத்தீபகற்பத்தைச் சூழ்ந்துள்ளன என்றும் கூறப்படுகிறது. இந்தியப் பெருங்கடலில் தெற்கு நோக்கி வடமேற்காக அரபிக் கடலுடனும் தென்கிழக்கில் வங்காள விரிகுடாவுடனும் இந்தியத் துணைக்கண்டம் பரவி நீண்டுள்ளது . இந்தப் பிராந்தியத்தின் பெரும்பாலான பகுதிகள் இந்தியத் தட்டிலேயே அமைந்திருக்கின்றன, ஆசியாவின் பிற பகுதிகளை இப்பகுதியிலிருந்து பெரிய மலைப் பாறைகள் தனிமைப்படுத்தப்படுகின்றன .

இந்தியா, பாக்கித்தான்,வங்காள தேசம், இலங்கை, நேபாளம், பூட்டான் மற்றும் மாலத்தீவுகள் ஆகிய நாடுகள் உள்ளிட்ட பகுதியே இந்திய துணைக் கண்டம் என்று விரிவான வரையறையின்படி எடுத்துக் கொள்ளப்படுகிறது. இந்தியத் துனைக்கண்டம் 4.4 மில்லியன் சதுர கிமீ² (1.7 மில்லியன் மைல்) பரப்பளவில் விரிவடைந்துள்ளது. ஆசியக் கண்டத்தின் பரப்பில் இது 10% ஆகும். அல்லது உலகின் நிலப்பரப்பு பகுதியில் 3.3%. ஆகும் . மொத்தத்தில், ஆசியாவின் மக்கள்தொகையில் சுமார் 45% அல்லது உலக மக்கள்தொகையில் 25% மக்கள் இத்துணைக் கண்டத்தில் வாழ்கின்றனர். பல்வேறு வகை இனங்களைச் சேர்ந்த மக்களும் இதில் அடங்கியுள்ளனர் .

இந்திய துணைக் கண்டம் அல்லது தெற்காசியா என்று எப்படி அழைக்கப்பட்டாலும் இப்பிராந்தியத்தின் புவியியல் அளவின் வரையறை மாறுபடுகிறது. இப்பகுதி மகா இந்தியா என்ற பெயரில் அழைக்கப்பட்ட மொத்த நிலப்பரப்பையும் உள்ளடக்கியது என்கிறது பூகோள அரசியல் . பொதுவாக இந்தியா, பாக்கித்தான் மற்றும் வங்காள தேசம் முதலிய நாடுகள் இப்பகுதியில் அடங்குகின்றன . 
1947 க்கு முன்னர் இந்திய துணைக் கண்டத்தின் பெரும்பகுதி பிரித்தானிய இந்தியாவின் பகுதியாக இருந்தது. இது பொதுவாக நேபாளம், பூட்டான் மற்றும் இலங்கை மற்றும் மாலத்தீவு தீவு ஆகிய நாடுகளை உள்ளடக்கியது ஆகும் . இந்திய துணைக் கண்டம் தெற்காசியாவின் பெரும்பாலான நிலப்பகுதியை ஆக்கிரமித்துள்ளது என்று மானுடவியலாளர் யான் ஆர். லூக்காசு கருத்து தெரிவிக்கிறார். அரசியல் விஞ்ஞான பேராசிரியர் டாட் வான்கானன் கூறுகையில், ""தெற்காசியாவின் ஏழு நாடுகளும் இந்திய துணைக் கண்டத்தைச் சுற்றி புவியியல்ரீதியாக ஒரு கச்சிதமாக ஒரு சிறிய பகுதியாக உள்ளது என்கிறார் இந்தியா, பாக்கித்தான், வங்காளதேசம், இலங்கை, நேபாளம், பூட்டான் மற்றும் இந்தியப் பெருங்கடலின் பிற சிறிய தீவுகள் ஆகியவை இந்திய துணைக்கண்டத்தின் புவிசார் அரசியல் எல்லைகள் ஆகுமென தாவேந்திர குமார் தெரிவிக்கிறார். இந்திய தீபகற்பத்திற்கு தென் மேற்கில் அமைந்துள்ள சிறிய தீவுக்கூட்டமான மாலத்தீவுகளும் இந்தியத் துணைக்கண்டத்துடன் சேர்க்கப்படவேண்டிய பகுதியாகும்.

ஆப்கானித்தானின் பகுதிகள் சிலவும் இந்திய உபகண்டத்தில் சேர்க்கப்படுகின்றன என்று ஐரா எம். லாபிடசு என்ற வரலாற்ருப் பேராசிரியர் குறிப்பிடுகிறார். மத்திய ஆசியாவின் சில பகுதிகள் மற்றும் இந்திய துணைக் கண்டத்திற்கும் எல்லையாக இது அமைந்துள்ளது. ஆப்கானித்தானின் சமூக-மத வரலாறு துருக்கியின் செல்வாக்கு பெற்ற மத்திய ஆசியா மற்றும் இந்திய துணைக் கண்டத்தின் வடமேற்குப் பகுதிகளுடன் தொடர்பு கொண்டிருந்தது. தற்போது இப்பகுதி பாக்கித்தான் எனப்படுகிறது . ஆப்கன் மத்திய ஆசியாவின் ஒரு பகுதி யாகும். அதை இந்திய துணைக்கண்டத்தில் சேர்க்கக்கூடாது என்று சிலர் கருத்து தெரிவிக்கின்றனர் .

வரலாற்று அறிஞர்களான கேத்தரின் ஆசர் மற்றும் சிந்தியா டால்போட்டு ஆகியோர், இந்திய துணைக் கண்டம் என்பது யூரேசியாவின் மீதமுள்ள பகுதிகளில் இருந்து தனிமைப்படுத்தப்பட்ட தெற்கு ஆசியாவின் ஓர் இயற்கையான நிலப்பகுதி என்கின்றனர் . இமயமலையின் வழியாக செல்லும் கடினமான பாதை காரணமாக இந்திய துணைக் கண்டத்தின் சமூகவியல், மத மற்றும் அரசியல் தொடர்பு, வடமேற்கில் உள்ள ஆப்கானித்தான் பள்ளத்தாக்குகள் வழியாக பரவியது . கிழக்கில் மணிப்பூர் வழியாகவும் கடல்கடந்தும் பரவியது . மிகவும் கடினமான ஆனால் வரலாற்று முக்கியத்துவம் வாய்ந்த தொடர்பு திபெத்திய முன்னோடிகளால் ஏற்பட்டுள்ளது. இந்த வழித்தடங்களும் இடைவினைகளும் இந்து மதம் மற்றும் புத்த மதத்தின் இணைப்புக்கான பரவலை வழிநடத்தியிருக்கின்றன. உதாரணமாக, இந்திய துணைக் கண்டத்தில் இருந்த ஆசியாவின் பிற பகுதிகளில், ஆப்கானித்தானிலிருந்தும் கடல் வழியாகவும் இசுலாமியர்கள் குடிபெயர்ந்தனர்.

இந்தியத் துணைக் கண்டம், தெற்காசியத் துணை கண்டம் மற்றும் தெற்காசியம் போன்ற புவிசார் அரசியல் வரையறை மற்றும் பயன்பாடுகளில் கருத்து வேறுபாடுகள் இருந்து கொண்டே உள்ளன .
",இந்தியத் துணைக்கண்டம்,https://ta.wikipedia.org/wiki?curid=32,புவியியல்,2
